rally_uid,sex,match,numberGame,rally_id,strikeNumber,scoreSelf,scoreOther,serverGetPoint,gamePlayerId,gamePlayerOtherId,strikeId,handId,strengthId,spinId,pointId,actionId,positionId
1,2,1,1,1,1,0,0,0,1,2,1,1,2,3,9,15,1
1,2,1,1,1,2,0,0,0,2,1,2,2,1,2,5,12,1
1,2,1,1,1,3,0,0,0,1,2,4,2,2,2,6,10,0
1,2,1,1,1,4,0,0,0,2,1,4,2,1,2,5,10,0
1,2,1,1,1,5,0,0,0,1,2,4,2,2,2,6,10,0
1,2,1,1,1,6,0,0,0,2,1,4,2,1,2,5,10,0
1,2,1,1,1,7,0,0,0,1,2,4,2,2,2,6,10,0
1,2,1,1,1,8,0,0,0,2,1,4,2,1,2,5,10,0
1,2,1,1,1,9,0,0,0,1,2,4,2,2,2,6,10,0
1,2,1,1,1,10,0,0,0,2,1,4,2,1,2,5,10,0
1,2,1,1,1,11,0,0,0,1,2,4,2,2,2,6,10,0
1,2,1,1,1,12,0,0,0,2,1,4,2,1,2,4,10,0
1,2,1,1,1,13,0,0,0,1,2,4,2,1,2,9,10,0
1,2,1,1,1,14,0,0,0,2,1,4,1,3,3,9,3,0
1,2,1,1,1,15,0,0,0,1,2,4,0,0,0,0,0,0
2,2,1,1,2,1,0,1,1,1,2,1,1,2,3,9,15,1
2,2,1,1,2,2,1,0,1,2,1,2,2,1,2,8,12,1
2,2,1,1,2,3,0,1,1,1,2,4,1,2,2,7,3,0
2,2,1,1,2,4,1,0,1,2,1,4,2,0,0,0,13,0
3,2,1,1,3,1,1,1,0,2,1,1,2,3,4,9,15,1
3,2,1,1,3,2,1,1,0,1,2,2,2,2,3,9,6,1
3,2,1,1,3,3,1,1,0,2,1,4,2,1,2,3,12,0
3,2,1,1,3,4,1,1,0,1,2,4,2,2,2,6,10,0
3,2,1,1,3,5,1,1,0,2,1,4,2,1,2,5,10,0
3,2,1,1,3,6,1,1,0,1,2,4,2,2,2,8,10,0
3,2,1,1,3,7,1,1,0,2,1,4,1,3,3,0,3,0
4,2,1,1,4,1,1,2,1,2,1,1,2,1,2,1,15,1
4,2,1,1,4,2,2,1,1,1,2,2,1,1,3,6,7,2
4,2,1,1,4,3,1,2,1,2,1,4,2,2,2,6,9,0
4,2,1,1,4,4,2,1,1,1,2,4,2,2,2,5,10,0
4,2,1,1,4,5,1,2,1,2,1,4,1,2,2,4,10,0
4,2,1,1,4,6,2,1,1,1,2,4,1,2,2,6,10,0
4,2,1,1,4,7,1,2,1,2,1,4,2,1,2,5,10,0
4,2,1,1,4,8,2,1,1,1,2,4,2,2,2,6,10,0
4,2,1,1,4,9,1,2,1,2,1,4,2,1,2,6,10,0
4,2,1,1,4,10,2,1,1,1,2,4,2,2,2,6,10,0
4,2,1,1,4,11,1,2,1,2,1,4,2,1,2,6,10,0
4,2,1,1,4,12,2,1,1,1,2,4,2,2,2,4,10,0
4,2,1,1,4,13,1,2,1,2,1,4,1,2,2,1,10,0
4,2,1,1,4,14,2,1,1,1,2,4,0,0,0,0,0,0
5,2,1,1,5,1,2,2,0,1,2,1,1,1,2,8,15,1
5,2,1,1,5,2,2,2,0,2,1,2,2,1,2,6,12,1
5,2,1,1,5,3,2,2,0,1,2,4,2,1,2,4,11,0
5,2,1,1,5,4,2,2,0,2,1,4,1,2,2,9,10,0
5,2,1,1,5,5,2,2,0,1,2,4,2,2,2,6,10,0
5,2,1,1,5,6,2,2,0,2,1,4,2,1,2,6,10,0
5,2,1,1,5,7,2,2,0,1,2,4,2,2,2,6,10,0
5,2,1,1,5,8,2,2,0,2,1,4,2,1,2,6,10,0
5,2,1,1,5,9,2,2,0,1,2,4,2,2,2,6,10,0
5,2,1,1,5,10,2,2,0,2,1,4,2,1,2,4,10,0
5,2,1,1,5,11,2,2,0,1,2,4,1,2,2,0,3,0
6,2,1,1,6,1,2,3,0,1,2,1,1,2,2,4,15,1
6,2,1,1,6,2,3,2,0,2,1,2,1,2,2,8,10,2
6,2,1,1,6,3,2,3,0,1,2,4,2,2,2,0,10,0
7,2,1,1,7,1,4,2,0,2,1,1,2,2,5,9,15,1
7,2,1,1,7,2,2,4,0,1,2,2,2,2,2,9,10,1
7,2,1,1,7,3,4,2,0,2,1,4,2,1,2,0,10,0
8,2,1,1,8,1,4,3,1,2,1,1,2,2,5,6,15,1
8,2,1,1,8,2,3,4,1,1,2,2,2,2,2,6,10,1
8,2,1,1,8,3,4,3,1,2,1,4,2,2,2,8,10,0
8,2,1,1,8,4,3,4,1,1,2,4,2,2,2,6,10,0
8,2,1,1,8,5,4,3,1,2,1,4,2,1,2,5,10,0
8,2,1,1,8,6,3,4,1,1,2,4,2,2,2,4,10,0
8,2,1,1,8,7,4,3,1,2,1,4,1,3,3,7,3,0
8,2,1,1,8,8,3,4,1,1,2,4,1,0,0,0,13,0
9,2,1,1,9,1,3,5,1,1,2,1,1,1,2,8,15,1
9,2,1,1,9,2,5,3,1,2,1,2,2,1,2,8,12,1
9,2,1,1,9,3,3,5,1,1,2,4,2,2,2,6,10,0
9,2,1,1,9,4,5,3,1,2,1,4,2,2,2,6,10,0
9,2,1,1,9,5,3,5,1,1,2,4,2,2,2,6,10,0
9,2,1,1,9,6,5,3,1,2,1,4,2,1,2,6,10,0
9,2,1,1,9,7,3,5,1,1,2,4,2,2,2,6,10,0
9,2,1,1,9,8,5,3,1,2,1,4,2,1,2,8,10,0
9,2,1,1,9,9,3,5,1,1,2,4,1,3,2,8,3,0
9,2,1,1,9,10,5,3,1,2,1,4,1,0,3,0,5,0
10,2,1,1,10,1,4,5,1,1,2,1,1,1,2,8,15,1
10,2,1,1,10,2,5,4,1,2,1,2,2,2,2,8,12,1
10,2,1,1,10,3,4,5,1,1,2,4,2,2,2,5,10,0
10,2,1,1,10,4,5,4,1,2,1,4,1,2,2,4,10,0
10,2,1,1,10,5,4,5,1,1,2,4,1,2,2,5,10,0
10,2,1,1,10,6,5,4,1,2,1,4,2,1,2,0,10,0
11,2,1,1,11,1,5,5,1,2,1,1,2,2,5,9,15,1
11,2,1,1,11,2,5,5,1,1,2,2,2,2,2,6,10,1
11,2,1,1,11,3,5,5,1,2,1,4,2,1,2,6,10,0
11,2,1,1,11,4,5,5,1,1,2,4,2,2,2,6,10,0
11,2,1,1,11,5,5,5,1,2,1,4,2,1,2,6,10,0
11,2,1,1,11,6,5,5,1,1,2,4,2,2,2,6,10,0
11,2,1,1,11,7,5,5,1,2,1,4,2,1,2,6,10,0
11,2,1,1,11,8,5,5,1,1,2,4,2,2,2,6,10,0
11,2,1,1,11,9,5,5,1,2,1,4,2,1,2,6,10,0
11,2,1,1,11,10,5,5,1,1,2,4,2,2,2,6,10,0
11,2,1,1,11,11,5,5,1,2,1,4,2,1,2,6,10,0
11,2,1,1,11,12,5,5,1,1,2,4,2,2,2,6,10,0
11,2,1,1,11,13,5,5,1,2,1,4,2,1,2,6,10,0
11,2,1,1,11,14,5,5,1,1,2,4,2,2,2,6,10,0
11,2,1,1,11,15,5,5,1,2,1,4,2,1,2,5,10,0
11,2,1,1,11,16,5,5,1,1,2,4,2,1,2,7,10,0
11,2,1,1,11,17,5,5,1,2,1,4,1,2,3,9,3,0
11,2,1,1,11,18,5,5,1,1,2,4,0,0,0,0,0,0
12,2,1,1,12,1,6,5,1,2,1,1,1,2,5,6,18,1
12,2,1,1,12,2,5,6,1,1,2,2,2,2,2,6,10,1
12,2,1,1,12,3,6,5,1,2,1,4,2,1,2,5,10,0
12,2,1,1,12,4,5,6,1,1,2,4,2,2,2,6,10,0
12,2,1,1,12,5,6,5,1,2,1,4,2,1,2,5,10,0
12,2,1,1,12,6,5,6,1,1,2,4,2,2,2,6,10,0
12,2,1,1,12,7,6,5,1,2,1,4,2,1,2,5,10,0
12,2,1,1,12,8,5,6,1,1,2,4,2,2,2,6,10,0
12,2,1,1,12,9,6,5,1,2,1,4,2,2,2,6,10,0
12,2,1,1,12,10,5,6,1,1,2,4,2,2,2,6,10,0
12,2,1,1,12,11,6,5,1,2,1,4,2,1,2,6,10,0
12,2,1,1,12,12,5,6,1,1,2,4,2,2,2,6,10,0
12,2,1,1,12,13,6,5,1,2,1,4,2,1,2,6,10,0
12,2,1,1,12,14,5,6,1,1,2,4,2,2,2,6,10,0
12,2,1,1,12,15,6,5,1,2,1,4,2,1,2,9,5,0
12,2,1,1,12,16,5,6,1,1,2,4,2,2,3,8,13,0
12,2,1,1,12,17,6,5,1,2,1,4,1,2,3,7,3,0
12,2,1,1,12,18,5,6,1,1,2,4,1,1,2,7,5,0
12,2,1,1,12,19,6,5,1,2,1,4,1,1,3,5,13,0
12,2,1,1,12,20,5,6,1,1,2,4,2,1,3,0,6,0
13,2,1,1,13,1,5,7,0,1,2,1,1,2,3,9,15,1
13,2,1,1,13,2,7,5,0,2,1,2,2,2,2,8,12,1
13,2,1,1,13,3,5,7,0,1,2,4,2,2,2,4,10,0
13,2,1,1,13,4,7,5,0,2,1,4,1,3,3,7,3,0
13,2,1,1,13,5,5,7,0,1,2,4,1,2,3,0,13,0
14,2,1,1,14,1,5,8,1,1,2,1,1,1,2,9,15,1
14,2,1,1,14,2,8,5,1,2,1,2,2,2,2,5,12,1
14,2,1,1,14,3,5,8,1,1,2,4,2,2,2,6,10,0
14,2,1,1,14,4,8,5,1,2,1,4,2,1,2,5,10,0
14,2,1,1,14,5,5,8,1,1,2,4,2,2,2,6,10,0
14,2,1,1,14,6,8,5,1,2,1,4,2,2,2,6,12,0
14,2,1,1,14,7,5,8,1,1,2,4,2,2,2,6,10,0
14,2,1,1,14,8,8,5,1,2,1,4,2,1,2,5,10,0
14,2,1,1,14,9,5,8,1,1,2,4,2,2,2,6,10,0
14,2,1,1,14,10,8,5,1,2,1,4,2,1,2,6,10,0
14,2,1,1,14,11,5,8,1,1,2,4,2,1,2,6,10,0
14,2,1,1,14,12,8,5,1,2,1,4,2,1,2,0,10,0
15,2,1,1,15,1,8,6,0,2,1,1,2,2,2,9,15,1
15,2,1,1,15,2,6,8,0,1,2,2,2,2,3,7,6,1
15,2,1,1,15,3,8,6,0,2,1,4,1,2,3,0,3,0
16,2,1,1,16,1,8,7,0,2,1,1,2,3,4,8,15,1
16,2,1,1,16,2,7,8,0,1,2,2,2,2,3,7,6,1
16,2,1,1,16,3,8,7,0,2,1,4,1,2,3,0,13,0
17,2,1,1,17,1,8,8,1,1,2,1,1,1,2,9,15,1
17,2,1,1,17,2,8,8,1,2,1,2,2,1,2,5,12,1
17,2,1,1,17,3,8,8,1,1,2,4,2,2,2,5,10,0
17,2,1,1,17,4,8,8,1,2,1,4,2,1,2,5,10,0
17,2,1,1,17,5,8,8,1,1,2,4,2,2,2,9,10,0
17,2,1,1,17,6,8,8,1,2,1,4,2,1,2,6,10,0
17,2,1,1,17,7,8,8,1,1,2,4,2,1,2,6,10,0
17,2,1,1,17,8,8,8,1,2,1,4,1,3,2,0,10,0
18,2,1,1,18,1,9,8,0,1,2,1,1,1,2,9,15,1
18,2,1,1,18,2,8,9,0,2,1,2,2,2,2,5,12,1
18,2,1,1,18,3,9,8,0,1,2,4,2,2,2,4,10,0
18,2,1,1,18,4,8,9,0,2,1,4,1,2,2,4,10,0
18,2,1,1,18,5,9,8,0,1,2,4,1,1,2,6,10,0
18,2,1,1,18,6,8,9,0,2,1,4,2,1,2,5,10,0
18,2,1,1,18,7,9,8,0,1,2,4,2,2,2,6,10,0
18,2,1,1,18,8,8,9,0,2,1,4,2,1,2,6,10,0
18,2,1,1,18,9,9,8,0,1,2,4,2,2,2,6,10,0
18,2,1,1,18,10,8,9,0,2,1,4,2,1,2,5,10,0
18,2,1,1,18,11,9,8,0,1,2,4,2,2,2,6,10,0
18,2,1,1,18,12,8,9,0,2,1,4,2,1,2,6,10,0
18,2,1,1,18,13,9,8,0,1,2,4,2,2,2,6,10,0
18,2,1,1,18,14,8,9,0,2,1,4,2,1,2,6,10,0
18,2,1,1,18,15,9,8,0,1,2,4,2,2,2,6,10,0
18,2,1,1,18,16,8,9,0,2,1,4,2,1,2,6,10,0
18,2,1,1,18,17,9,8,0,1,2,4,2,2,2,6,10,0
18,2,1,1,18,18,8,9,0,2,1,4,2,1,2,6,10,0
18,2,1,1,18,19,9,8,0,1,2,4,2,2,2,6,10,0
18,2,1,1,18,20,8,9,0,2,1,4,2,1,2,4,10,0
18,2,1,1,18,21,9,8,0,1,2,4,2,1,2,5,10,0
18,2,1,1,18,22,8,9,0,2,1,4,1,2,3,6,3,0
18,2,1,1,18,23,9,8,0,1,2,4,2,0,0,0,13,0
19,2,1,1,19,1,9,9,1,2,1,1,1,3,5,6,15,1
19,2,1,1,19,2,9,9,1,1,2,2,2,2,2,0,10,1
20,2,1,1,20,1,10,9,1,2,1,1,1,2,5,8,15,1
20,2,1,1,20,2,9,10,1,1,2,2,2,2,2,6,10,1
20,2,1,1,20,3,10,9,1,2,1,4,2,1,2,5,10,0
20,2,1,1,20,4,9,10,1,1,2,4,2,1,2,6,10,0
20,2,1,1,20,5,10,9,1,2,1,4,2,1,2,6,10,0
20,2,1,1,20,6,9,10,1,1,2,4,2,2,2,6,10,0
20,2,1,1,20,7,10,9,1,2,1,4,2,1,2,8,10,0
20,2,1,1,20,8,9,10,1,1,2,4,1,2,2,0,3,0
21,2,1,2,1,1,0,0,1,2,1,1,2,2,4,9,15,1
21,2,1,2,1,2,0,0,1,1,2,2,2,2,3,9,6,1
21,2,1,2,1,3,0,0,1,2,1,4,2,1,2,6,12,0
21,2,1,2,1,4,0,0,1,1,2,4,2,2,2,6,10,0
21,2,1,2,1,5,0,0,1,2,1,4,2,1,2,6,10,0
21,2,1,2,1,6,0,0,1,1,2,4,2,1,2,6,10,0
21,2,1,2,1,7,0,0,1,2,1,4,2,1,2,6,10,0
21,2,1,2,1,8,0,0,1,1,2,4,2,2,2,6,10,0
21,2,1,2,1,9,0,0,1,2,1,4,2,1,2,7,10,0
21,2,1,2,1,10,0,0,1,1,2,4,2,1,2,0,10,0
22,2,1,2,2,1,1,0,1,2,1,1,1,2,4,9,18,1
22,2,1,2,2,2,0,1,1,1,2,2,1,2,2,0,10,1
23,2,1,2,3,1,0,2,0,1,2,1,1,1,3,6,15,1
23,2,1,2,3,2,2,0,0,2,1,2,2,1,2,6,12,1
23,2,1,2,3,3,0,2,0,1,2,4,2,2,2,5,10,0
23,2,1,2,3,4,2,0,0,2,1,4,1,3,2,7,10,0
23,2,1,2,3,5,0,2,0,1,2,4,1,2,2,5,10,0
23,2,1,2,3,6,2,0,0,2,1,4,2,1,2,6,10,0
23,2,1,2,3,7,0,2,0,1,2,4,2,1,2,6,10,0
23,2,1,2,3,8,2,0,0,2,1,4,2,1,2,9,10,0
23,2,1,2,3,9,0,2,0,1,2,4,1,2,2,0,3,0
24,2,1,2,4,1,0,3,0,1,2,1,1,2,5,4,18,3
24,2,1,2,4,2,3,0,0,2,1,2,2,2,2,6,12,3
24,2,1,2,4,3,0,3,0,1,2,4,2,1,2,6,10,0
24,2,1,2,4,4,3,0,0,2,1,4,2,1,2,6,10,0
24,2,1,2,4,5,0,3,0,1,2,4,2,1,2,6,10,0
24,2,1,2,4,6,3,0,0,2,1,4,2,1,2,8,10,0
24,2,1,2,4,7,0,3,0,1,2,4,2,2,2,5,10,0
24,2,1,2,4,8,3,0,0,2,1,4,1,2,2,5,10,0
24,2,1,2,4,9,0,3,0,1,2,4,2,2,2,6,10,0
24,2,1,2,4,10,3,0,0,2,1,4,2,1,2,6,10,0
24,2,1,2,4,11,0,3,0,1,2,4,2,2,2,6,10,0
24,2,1,2,4,12,3,0,0,2,1,4,2,2,2,6,10,0
24,2,1,2,4,13,0,3,0,1,2,4,2,2,2,6,10,0
24,2,1,2,4,14,3,0,0,2,1,4,2,1,2,7,10,0
24,2,1,2,4,15,0,3,0,1,2,4,1,1,2,0,10,0
25,2,1,2,5,1,4,0,0,2,1,1,2,1,2,4,15,1
25,2,1,2,5,2,0,4,0,1,2,2,1,1,2,8,10,2
25,2,1,2,5,3,4,0,0,2,1,4,1,3,3,0,3,0
26,2,1,2,6,1,4,1,1,2,1,1,1,3,5,9,15,1
26,2,1,2,6,2,1,4,1,1,2,2,2,2,2,6,10,1
26,2,1,2,6,3,4,1,1,2,1,4,2,1,2,6,10,0
26,2,1,2,6,4,1,4,1,1,2,4,2,2,2,4,10,0
26,2,1,2,6,5,4,1,1,2,1,4,1,2,2,4,10,0
26,2,1,2,6,6,1,4,1,1,2,4,1,2,2,6,10,0
26,2,1,2,6,7,4,1,1,2,1,4,2,1,2,6,10,0
26,2,1,2,6,8,1,4,1,1,2,4,2,1,2,6,10,0
26,2,1,2,6,9,4,1,1,2,1,4,2,1,2,6,10,0
26,2,1,2,6,10,1,4,1,1,2,4,2,2,2,6,10,0
26,2,1,2,6,11,4,1,1,2,1,4,2,1,2,6,10,0
26,2,1,2,6,12,1,4,1,1,2,4,2,2,2,6,10,0
26,2,1,2,6,13,4,1,1,2,1,4,2,1,2,6,10,0
26,2,1,2,6,14,1,4,1,1,2,4,2,2,2,6,10,0
26,2,1,2,6,15,4,1,1,2,1,4,2,1,2,7,10,0
26,2,1,2,6,16,1,4,1,1,2,4,1,1,2,0,10,0
27,2,1,2,7,1,1,5,0,1,2,1,1,2,2,4,15,1
27,2,1,2,7,2,5,1,0,2,1,2,1,2,2,7,10,2
27,2,1,2,7,3,1,5,0,1,2,4,1,3,2,0,3,0
28,2,1,2,8,1,1,6,1,1,2,1,1,2,3,6,15,1
28,2,1,2,8,2,6,1,1,2,1,2,2,2,2,6,12,1
28,2,1,2,8,3,1,6,1,1,2,4,2,2,2,6,10,0
28,2,1,2,8,4,6,1,1,2,1,4,2,1,2,6,10,0
28,2,1,2,8,5,1,6,1,1,2,4,2,2,2,6,10,0
28,2,1,2,8,6,6,1,1,2,1,4,2,1,2,6,10,0
28,2,1,2,8,7,1,6,1,1,2,4,2,2,2,6,10,0
28,2,1,2,8,8,6,1,1,2,1,4,2,1,2,4,10,0
28,2,1,2,8,9,1,6,1,1,2,4,1,1,2,5,10,0
28,2,1,2,8,10,6,1,1,2,1,4,1,2,3,9,3,0
28,2,1,2,8,11,1,6,1,1,2,4,2,2,3,4,13,0
28,2,1,2,8,12,6,1,1,2,1,4,1,3,3,7,3,0
28,2,1,2,8,13,1,6,1,1,2,4,1,2,3,4,13,0
28,2,1,2,8,14,6,1,1,2,1,4,1,2,3,8,13,0
28,2,1,2,8,15,1,6,1,1,2,4,2,2,3,8,6,0
28,2,1,2,8,16,6,1,1,2,1,4,2,0,0,0,13,0
29,2,1,2,9,1,6,2,0,2,1,1,2,1,2,9,15,1
29,2,1,2,9,2,2,6,0,1,2,2,2,1,2,6,10,1
29,2,1,2,9,3,6,2,0,2,1,4,2,2,2,6,12,0
29,2,1,2,9,4,2,6,0,1,2,4,2,2,2,4,10,0
29,2,1,2,9,5,6,2,0,2,1,4,1,2,2,7,10,0
29,2,1,2,9,6,2,6,0,1,2,4,1,2,2,2,10,0
29,2,1,2,9,7,6,2,0,2,1,4,1,1,2,0,10,0
30,2,1,2,10,1,6,3,1,2,1,1,2,2,2,9,15,1
30,2,1,2,10,2,3,6,1,1,2,2,2,2,3,7,6,1
30,2,1,2,10,3,6,3,1,2,1,4,1,2,3,7,5,0
30,2,1,2,10,4,3,6,1,1,2,4,1,2,3,7,5,0
30,2,1,2,10,5,6,3,1,2,1,4,1,2,3,9,3,0
30,2,1,2,10,6,3,6,1,1,2,4,2,1,3,0,6,0
31,2,1,2,11,1,3,7,0,1,2,1,1,2,3,9,15,1
31,2,1,2,11,2,7,3,0,2,1,2,2,2,2,9,12,1
31,2,1,2,11,3,3,7,0,1,2,4,2,2,2,5,10,0
31,2,1,2,11,4,7,3,0,2,1,4,2,1,2,6,10,0
31,2,1,2,11,5,3,7,0,1,2,4,2,2,2,6,10,0
31,2,1,2,11,6,7,3,0,2,1,4,2,1,2,9,10,0
31,2,1,2,11,7,3,7,0,1,2,4,2,2,2,6,10,0
31,2,1,2,11,8,7,3,0,2,1,4,2,1,2,6,10,0
31,2,1,2,11,9,3,7,0,1,2,4,2,2,2,6,10,0
31,2,1,2,11,10,7,3,0,2,1,4,2,1,2,4,10,0
31,2,1,2,11,11,3,7,0,1,2,4,1,2,2,8,3,0
31,2,1,2,11,12,7,3,0,2,1,4,1,2,1,8,5,0
31,2,1,2,11,13,3,7,0,1,2,4,2,2,3,0,6,0
32,2,1,2,12,1,3,8,1,1,2,1,1,2,3,9,15,1
32,2,1,2,12,2,8,3,1,2,1,2,2,2,2,9,12,1
32,2,1,2,12,3,3,8,1,1,2,4,2,2,2,5,10,0
32,2,1,2,12,4,8,3,1,2,1,4,2,1,2,6,10,0
32,2,1,2,12,5,3,8,1,1,2,4,2,2,2,6,10,0
32,2,1,2,12,6,8,3,1,2,1,4,2,1,2,6,10,0
32,2,1,2,12,7,3,8,1,1,2,4,2,2,2,6,10,0
32,2,1,2,12,8,8,3,1,2,1,4,2,1,2,6,10,0
32,2,1,2,12,9,3,8,1,1,2,4,2,2,2,9,10,0
32,2,1,2,12,10,8,3,1,2,1,4,2,1,2,6,10,0
32,2,1,2,12,11,3,8,1,1,2,4,2,2,2,6,10,0
32,2,1,2,12,12,8,3,1,2,1,4,2,1,2,6,10,0
32,2,1,2,12,13,3,8,1,1,2,4,1,2,2,9,3,0
32,2,1,2,12,14,8,3,1,2,1,4,2,2,2,0,13,0
33,2,1,2,13,1,8,4,1,2,1,1,1,2,5,5,18,1
33,2,1,2,13,2,4,8,1,1,2,2,2,2,2,8,10,2
33,2,1,2,13,3,8,4,1,2,1,4,2,1,4,5,10,0
33,2,1,2,13,4,4,8,1,1,2,4,2,1,2,6,10,0
33,2,1,2,13,5,8,4,1,2,1,4,2,1,2,6,10,0
33,2,1,2,13,6,4,8,1,1,2,4,2,2,2,0,10,0
34,2,1,2,14,1,9,4,1,2,1,1,1,3,5,9,18,1
34,2,1,2,14,2,4,9,1,1,2,2,2,2,2,7,10,1
34,2,1,2,14,3,9,4,1,2,1,4,1,3,2,8,10,0
34,2,1,2,14,4,4,9,1,1,2,4,2,2,2,5,10,0
34,2,1,2,14,5,9,4,1,2,1,4,2,1,2,6,10,0
34,2,1,2,14,6,4,9,1,1,2,4,2,2,2,6,10,0
34,2,1,2,14,7,9,4,1,2,1,4,2,1,2,6,10,0
34,2,1,2,14,8,4,9,1,1,2,4,2,1,2,6,10,0
34,2,1,2,14,9,9,4,1,2,1,4,2,1,2,7,10,0
34,2,1,2,14,10,4,9,1,1,2,4,1,2,3,0,5,0
35,2,1,2,15,1,4,10,0,1,2,1,1,2,5,6,15,1
35,2,1,2,15,2,10,4,0,2,1,2,2,2,2,5,12,1
35,2,1,2,15,3,4,10,0,1,2,4,2,2,2,6,10,0
35,2,1,2,15,4,10,4,0,2,1,4,2,1,2,6,10,0
35,2,1,2,15,5,4,10,0,1,2,4,2,2,2,5,10,0
35,2,1,2,15,6,10,4,0,2,1,4,2,1,2,6,10,0
35,2,1,2,15,7,4,10,0,1,2,4,2,2,2,6,10,0
35,2,1,2,15,8,10,4,0,2,1,4,2,1,2,6,10,0
35,2,1,2,15,9,4,10,0,1,2,4,2,2,2,6,10,0
35,2,1,2,15,10,10,4,0,2,1,4,2,1,4,7,10,0
35,2,1,2,15,11,4,10,0,1,2,4,1,2,2,7,3,0
35,2,1,2,15,12,10,4,0,2,1,4,1,2,3,9,5,0
35,2,1,2,15,13,4,10,0,1,2,4,2,2,3,0,13,0
36,2,1,3,1,1,0,0,0,1,2,1,1,2,2,4,15,1
36,2,1,3,1,2,0,0,0,2,1,2,1,3,2,4,10,3
36,2,1,3,1,3,0,0,0,1,2,4,2,2,2,6,10,0
36,2,1,3,1,4,0,0,0,2,1,4,2,1,2,5,10,0
36,2,1,3,1,5,0,0,0,1,2,4,2,2,3,0,6,0
37,2,1,3,2,1,0,1,0,1,2,1,1,2,3,9,15,1
37,2,1,3,2,2,1,0,0,2,1,2,2,1,2,6,12,1
37,2,1,3,2,3,0,1,0,1,2,4,2,2,2,6,10,0
37,2,1,3,2,4,1,0,0,2,1,4,2,1,2,8,10,0
37,2,1,3,2,5,0,1,0,1,2,4,2,1,2,6,10,0
37,2,1,3,2,6,1,0,0,2,1,4,2,1,4,7,10,0
37,2,1,3,2,7,0,1,0,1,2,4,1,2,2,0,3,0
38,2,1,3,3,1,2,0,1,2,1,1,2,2,2,9,15,1
38,2,1,3,3,2,0,2,1,1,2,2,2,2,3,0,6,1
39,2,1,3,4,1,3,0,0,2,1,1,2,2,5,6,15,1
39,2,1,3,4,2,0,3,0,1,2,2,2,2,2,6,10,1
39,2,1,3,4,3,3,0,0,2,1,4,2,0,0,0,12,0
40,2,1,3,5,1,1,3,0,1,2,1,1,2,2,4,15,1
40,2,1,3,5,2,3,1,0,2,1,2,1,3,2,4,10,2
40,2,1,3,5,3,1,3,0,1,2,4,1,1,1,0,1,0
41,2,1,3,6,1,1,4,0,1,2,1,1,2,5,9,15,1
41,2,1,3,6,2,4,1,0,2,1,2,2,2,2,6,12,1
41,2,1,3,6,3,1,4,0,1,2,4,2,2,2,6,10,0
41,2,1,3,6,4,4,1,0,2,1,4,2,1,2,8,10,0
41,2,1,3,6,5,1,4,0,1,2,4,2,2,1,0,1,0
42,2,1,3,7,1,5,1,1,2,1,1,2,2,5,8,15,1
42,2,1,3,7,2,1,5,1,1,2,2,2,2,2,6,10,1
42,2,1,3,7,3,5,1,1,2,1,4,2,1,2,5,10,0
42,2,1,3,7,4,1,5,1,1,2,4,2,2,2,6,10,0
42,2,1,3,7,5,5,1,1,2,1,4,2,1,2,5,10,0
42,2,1,3,7,6,1,5,1,1,2,4,2,2,2,6,10,0
42,2,1,3,7,7,5,1,1,2,1,4,2,1,2,5,10,0
42,2,1,3,7,8,1,5,1,1,2,4,2,2,2,6,10,0
42,2,1,3,7,9,5,1,1,2,1,4,2,1,2,6,10,0
42,2,1,3,7,10,1,5,1,1,2,4,2,2,2,6,10,0
42,2,1,3,7,11,5,1,1,2,1,4,2,1,4,4,10,0
42,2,1,3,7,12,1,5,1,1,2,4,1,2,2,7,3,0
42,2,1,3,7,13,5,1,1,2,1,4,1,2,3,8,13,0
42,2,1,3,7,14,1,5,1,1,2,4,2,2,3,8,6,0
42,2,1,3,7,15,5,1,1,2,1,4,2,2,2,5,12,0
42,2,1,3,7,16,1,5,1,1,2,4,2,2,2,5,10,0
42,2,1,3,7,17,5,1,1,2,1,4,2,1,2,6,10,0
42,2,1,3,7,18,1,5,1,1,2,4,2,2,2,6,10,0
42,2,1,3,7,19,5,1,1,2,1,4,2,1,2,8,10,0
42,2,1,3,7,20,1,5,1,1,2,4,2,1,3,8,6,0
42,2,1,3,7,21,5,1,1,2,1,4,1,3,3,8,3,0
42,2,1,3,7,22,1,5,1,1,2,4,2,2,3,0,13,0
43,2,1,3,8,1,6,1,1,2,1,1,1,3,5,8,15,1
43,2,1,3,8,2,1,6,1,1,2,2,2,2,2,8,10,1
43,2,1,3,8,3,6,1,1,2,1,4,2,1,2,5,10,0
43,2,1,3,8,4,1,6,1,1,2,4,2,2,2,6,10,0
43,2,1,3,8,5,6,1,1,2,1,4,2,1,2,6,10,0
43,2,1,3,8,6,1,6,1,1,2,4,2,2,2,6,10,0
43,2,1,3,8,7,6,1,1,2,1,4,2,1,2,5,10,0
43,2,1,3,8,8,1,6,1,1,2,4,2,2,2,6,10,0
43,2,1,3,8,9,6,1,1,2,1,4,2,1,2,4,10,0
43,2,1,3,8,10,1,6,1,1,2,4,1,3,2,0,3,0
44,2,1,3,9,1,1,7,0,1,2,1,1,2,3,9,15,1
44,2,1,3,9,2,7,1,0,2,1,2,2,1,2,8,12,1
44,2,1,3,9,3,1,7,0,1,2,4,2,2,2,6,10,0
44,2,1,3,9,4,7,1,0,2,1,4,2,1,2,6,10,0
44,2,1,3,9,5,1,7,0,1,2,4,2,2,2,6,10,0
44,2,1,3,9,6,7,1,0,2,1,4,2,1,2,6,10,0
44,2,1,3,9,7,1,7,0,1,2,4,2,2,2,9,10,0
44,2,1,3,9,8,7,1,0,2,1,4,2,1,2,5,10,0
44,2,1,3,9,9,1,7,0,1,2,4,2,2,2,6,10,0
44,2,1,3,9,10,7,1,0,2,1,4,2,1,2,6,10,0
44,2,1,3,9,11,1,7,0,1,2,4,2,1,2,6,10,0
44,2,1,3,9,12,7,1,0,2,1,4,2,1,4,4,10,0
44,2,1,3,9,13,1,7,0,1,2,4,1,2,2,0,3,0
45,2,1,3,10,1,1,8,0,1,2,1,1,2,3,9,15,1
45,2,1,3,10,2,8,1,0,2,1,2,2,1,2,4,12,1
45,2,1,3,10,3,1,8,0,1,2,4,1,1,2,5,10,0
45,2,1,3,10,4,8,1,0,2,1,4,2,1,5,5,10,0
45,2,1,3,10,5,1,8,0,1,2,4,2,1,2,0,10,0
46,2,1,3,11,1,9,1,1,2,1,1,2,2,2,7,15,1
46,2,1,3,11,2,1,9,1,1,2,2,1,2,2,7,3,2
46,2,1,3,11,3,9,1,1,2,1,4,1,2,1,9,5,0
46,2,1,3,11,4,1,9,1,1,2,4,2,1,3,8,10,0
46,2,1,3,11,5,9,1,1,2,1,4,1,3,3,7,3,0
46,2,1,3,11,6,1,9,1,1,2,4,1,1,3,0,5,0
47,2,1,3,12,1,10,1,1,2,1,1,2,2,5,6,15,1
47,2,1,3,12,2,1,10,1,1,2,2,2,2,2,9,10,1
47,2,1,3,12,3,10,1,1,2,1,4,2,1,2,5,10,0
47,2,1,3,12,4,1,10,1,1,2,4,2,1,2,6,10,0
47,2,1,3,12,5,10,1,1,2,1,4,2,1,2,5,10,0
47,2,1,3,12,6,1,10,1,1,2,4,2,2,2,5,10,0
47,2,1,3,12,7,10,1,1,2,1,4,1,2,2,5,10,0
47,2,1,3,12,8,1,10,1,1,2,4,2,2,2,5,10,0
47,2,1,3,12,9,10,1,1,2,1,4,2,1,2,6,10,0
47,2,1,3,12,10,1,10,1,1,2,4,2,2,2,6,10,0
47,2,1,3,12,11,10,1,1,2,1,4,2,1,2,5,10,0
47,2,1,3,12,12,1,10,1,1,2,4,2,2,2,6,10,0
47,2,1,3,12,13,10,1,1,2,1,4,2,1,2,4,10,0
47,2,1,3,12,14,1,10,1,1,2,4,1,1,2,8,10,0
47,2,1,3,12,15,10,1,1,2,1,4,1,2,3,6,3,0
47,2,1,3,12,16,1,10,1,1,2,4,0,0,0,0,0,0
48,1,2,1,1,1,0,0,1,3,4,1,1,2,5,8,15,1
48,1,2,1,1,2,0,0,1,4,3,2,1,1,3,9,12,2
48,1,2,1,1,3,0,0,1,3,4,4,1,3,3,9,3,0
48,1,2,1,1,4,0,0,1,4,3,4,2,1,3,0,12,0
49,1,2,1,2,1,1,0,1,3,4,1,1,2,5,8,15,1
49,1,2,1,2,2,0,1,1,4,3,2,2,1,3,0,12,2
50,1,2,1,3,1,0,2,1,4,3,1,1,1,5,1,15,3
50,1,2,1,3,2,2,0,1,3,4,2,1,1,2,7,10,1
50,1,2,1,3,3,0,2,1,4,3,4,1,3,1,7,1,0
50,1,2,1,3,4,2,0,1,3,4,4,1,2,3,9,13,0
50,1,2,1,3,5,0,2,1,4,3,4,2,1,2,8,12,0
50,1,2,1,3,6,2,0,1,3,4,4,1,3,1,0,1,0
51,1,2,1,4,1,1,2,1,4,3,1,1,2,5,7,15,3
51,1,2,1,4,2,2,1,1,3,4,2,1,1,2,9,10,1
51,1,2,1,4,3,1,2,1,4,3,4,1,3,1,7,1,0
51,1,2,1,4,4,2,1,1,3,4,4,1,1,3,0,13,0
52,1,2,1,5,1,2,2,1,3,4,1,1,2,4,8,15,1
52,1,2,1,5,2,2,2,1,4,3,2,1,3,1,0,1,3
53,1,2,1,6,1,3,2,1,3,4,1,1,2,5,7,15,1
53,1,2,1,6,2,2,3,1,4,3,2,1,3,1,0,1,3
54,1,2,1,7,1,2,4,0,4,3,1,1,2,5,4,15,3
54,1,2,1,7,2,4,2,0,3,4,2,1,3,1,9,1,1
54,1,2,1,7,3,2,4,0,4,3,4,2,2,2,0,12,0
55,1,2,1,8,1,2,5,1,4,3,1,1,1,5,4,15,3
55,1,2,1,8,2,5,2,1,3,4,2,1,1,2,7,10,1
55,1,2,1,8,3,2,5,1,4,3,4,1,3,1,9,1,0
55,1,2,1,8,4,5,2,1,3,4,4,2,2,3,0,13,0
56,1,2,1,9,1,5,3,1,3,4,1,1,2,4,8,15,1
56,1,2,1,9,2,3,5,1,4,3,2,2,1,3,8,12,2
56,1,2,1,9,3,5,3,1,3,4,4,1,3,1,7,1,0
56,1,2,1,9,4,3,5,1,4,3,4,1,1,3,0,13,0
57,1,2,1,11,1,4,6,0,4,3,1,1,2,5,9,16,3
57,1,2,1,11,2,6,4,0,3,4,2,1,2,1,7,1,1
57,1,2,1,11,3,4,6,0,4,3,4,1,2,2,0,12,0
58,1,2,1,12,1,4,7,1,4,3,1,1,2,5,8,15,3
58,1,2,1,12,2,7,4,1,3,4,2,1,1,3,9,10,1
58,1,2,1,12,3,4,7,1,4,3,4,1,3,1,9,1,0
58,1,2,1,12,4,7,4,1,3,4,4,2,1,3,0,13,0
59,1,2,1,13,1,7,5,0,3,4,1,1,1,5,7,15,1
59,1,2,1,13,2,5,7,0,4,3,2,1,1,3,9,12,2
59,1,2,1,13,3,7,5,0,3,4,4,1,3,1,0,1,0
60,1,2,1,14,1,7,6,1,3,4,1,1,2,3,4,15,1
60,1,2,1,14,2,6,7,1,4,3,2,1,1,1,0,1,2
61,1,2,1,15,1,6,8,1,4,3,1,1,1,4,5,15,3
61,1,2,1,15,2,8,6,1,3,4,2,1,1,4,7,7,1
61,1,2,1,15,3,6,8,1,4,3,4,1,3,1,9,1,0
61,1,2,1,15,4,8,6,1,3,4,4,2,2,3,0,13,0
62,1,2,1,16,1,7,8,1,4,3,1,1,1,3,2,15,3
62,1,2,1,16,2,8,7,1,3,4,2,1,1,3,9,10,1
62,1,2,1,16,3,7,8,1,4,3,4,1,3,1,7,1,0
62,1,2,1,16,4,8,7,1,3,4,4,1,1,3,0,13,0
63,1,2,1,17,1,8,8,0,3,4,1,1,2,5,7,15,1
63,1,2,1,17,2,8,8,0,4,3,2,1,1,1,9,1,2
63,1,2,1,17,3,8,8,0,3,4,4,2,2,3,9,13,0
63,1,2,1,17,4,8,8,0,4,3,4,2,1,2,8,12,0
63,1,2,1,17,5,8,8,0,3,4,4,1,3,1,8,1,0
63,1,2,1,17,6,8,8,0,4,3,4,1,2,1,8,2,0
63,1,2,1,17,7,8,8,0,3,4,4,1,3,1,9,2,0
63,1,2,1,17,8,8,8,0,4,3,4,2,1,3,7,14,0
63,1,2,1,17,9,8,8,0,3,4,4,1,3,3,0,3,0
64,1,2,1,18,1,8,9,0,3,4,1,1,1,3,5,15,1
64,1,2,1,18,2,9,8,0,4,3,2,1,1,2,9,10,2
64,1,2,1,18,3,8,9,0,3,4,4,1,3,1,0,1,0
65,1,2,1,19,1,10,8,0,4,3,1,1,1,4,4,15,3
65,1,2,1,19,2,8,10,0,3,4,2,1,2,1,9,7,1
65,1,2,1,19,3,10,8,0,4,3,4,2,1,3,8,12,0
65,1,2,1,19,4,8,10,0,3,4,4,1,3,3,7,3,0
65,1,2,1,19,5,10,8,0,4,3,4,1,0,0,0,0,0
66,1,2,1,20,1,10,9,1,4,3,1,1,3,4,8,15,3
66,1,2,1,20,2,9,10,1,3,4,2,1,3,1,0,1,1
67,1,2,2,1,1,0,0,0,4,3,1,1,1,4,5,15,3
67,1,2,2,1,2,0,0,0,3,4,2,1,2,1,9,7,1
67,1,2,2,1,3,0,0,0,4,3,4,2,1,2,0,9,0
68,1,2,2,2,1,0,1,0,4,3,1,1,1,5,2,15,3
68,1,2,2,2,2,1,0,0,3,4,2,1,1,2,8,10,1
68,1,2,2,2,3,0,1,0,4,3,4,1,3,1,9,1,0
68,1,2,2,2,4,1,0,0,3,4,4,2,2,3,7,13,0
68,1,2,2,2,5,0,1,0,4,3,4,1,3,1,0,1,0
69,1,2,2,3,1,2,0,1,3,4,1,1,2,5,8,15,1
69,1,2,2,3,2,0,2,1,4,3,2,2,1,3,0,12,2
70,1,2,2,4,1,3,0,0,3,4,1,1,1,2,7,15,1
70,1,2,2,4,2,0,3,0,4,3,2,1,1,2,8,10,2
70,1,2,2,4,3,3,0,0,3,4,4,1,1,1,9,1,0
70,1,2,2,4,4,0,3,0,4,3,4,2,1,2,8,12,0
70,1,2,2,4,5,3,0,0,3,4,4,2,1,2,0,11,0
71,1,2,2,5,1,1,3,1,4,3,1,1,1,5,5,15,3
71,1,2,2,5,2,3,1,1,3,4,2,1,1,3,8,10,1
71,1,2,2,5,3,1,3,1,4,3,4,1,1,1,0,1,0
71,1,2,2,5,4,3,1,1,3,4,4,2,1,3,0,13,0
72,1,2,2,6,1,2,3,1,4,3,1,1,1,5,4,15,3
72,1,2,2,6,2,3,2,1,3,4,2,1,1,2,6,10,1
72,1,2,2,6,3,2,3,1,4,3,4,2,3,1,7,6,0
72,1,2,2,6,4,3,2,1,3,4,4,0,0,0,0,0,0
73,1,2,2,7,1,3,3,1,3,4,1,1,2,5,8,15,1
73,1,2,2,7,2,3,3,1,4,3,2,2,1,3,7,12,2
73,1,2,2,7,3,3,3,1,3,4,4,1,3,1,7,1,0
73,1,2,2,7,4,3,3,1,4,3,4,1,1,3,5,12,0
73,1,2,2,7,5,3,3,1,3,4,4,1,3,1,9,1,0
73,1,2,2,7,6,3,3,1,4,3,4,2,1,3,0,12,0
74,1,2,2,8,1,4,3,0,3,4,1,1,2,4,7,15,1
74,1,2,2,8,2,3,4,0,4,3,2,1,3,1,9,1,2
74,1,2,2,8,3,4,3,0,3,4,4,2,2,3,9,13,0
74,1,2,2,8,4,3,4,0,4,3,4,2,1,2,8,12,0
74,1,2,2,8,5,4,3,0,3,4,4,1,0,0,0,1,0
75,1,2,2,9,1,4,4,1,4,3,1,1,1,5,3,16,3
75,1,2,2,9,2,4,4,1,3,4,2,1,1,2,9,10,1
75,1,2,2,9,3,4,4,1,4,3,4,1,2,1,8,1,0
75,1,2,2,9,4,4,4,1,3,4,4,1,2,3,8,13,0
75,1,2,2,9,5,4,4,1,4,3,4,1,3,1,7,1,0
75,1,2,2,9,6,4,4,1,3,4,4,1,2,3,7,13,0
75,1,2,2,9,7,4,4,1,4,3,4,1,3,1,8,1,0
75,1,2,2,9,8,4,4,1,3,4,4,2,1,3,0,13,0
76,1,2,2,10,1,5,4,1,4,3,1,1,3,4,7,15,3
76,1,2,2,10,2,4,5,1,3,4,2,1,3,1,0,1,1
77,1,2,2,11,1,4,6,0,3,4,1,1,2,2,7,15,1
77,1,2,2,11,2,6,4,0,4,3,2,1,2,2,9,10,2
77,1,2,2,11,3,4,6,0,3,4,4,2,1,2,9,10,0
77,1,2,2,11,4,6,4,0,4,3,4,2,1,3,9,12,0
77,1,2,2,11,5,4,6,0,3,4,4,1,2,1,9,1,0
77,1,2,2,11,6,6,4,0,4,3,4,2,1,2,7,12,0
77,1,2,2,11,7,4,6,0,3,4,4,1,3,1,0,1,0
78,1,2,2,12,1,4,7,1,3,4,1,1,1,2,4,15,1
78,1,2,2,12,2,7,4,1,4,3,2,1,2,2,9,10,2
78,1,2,2,12,3,4,7,1,3,4,4,2,1,2,0,10,0
78,1,2,2,12,4,7,4,1,4,3,4,2,0,0,0,10,0
79,1,2,2,13,1,7,5,1,4,3,1,1,2,5,8,15,3
79,1,2,2,13,2,5,7,1,3,4,2,1,2,1,8,1,1
79,1,2,2,13,3,7,5,1,4,3,4,1,1,3,8,12,0
79,1,2,2,13,4,5,7,1,3,4,4,1,3,1,9,1,0
79,1,2,2,13,5,7,5,1,4,3,4,2,1,3,4,12,0
79,1,2,2,13,6,5,7,1,3,4,4,1,3,1,0,1,0
80,1,2,2,14,1,8,5,0,4,3,1,2,2,3,8,15,3
80,1,2,2,14,2,5,8,0,3,4,2,2,1,1,8,6,1
80,1,2,2,14,3,8,5,0,4,3,4,1,1,1,0,1,0
81,1,2,2,15,1,6,8,0,3,4,1,1,3,5,8,15,1
81,1,2,2,15,2,8,6,0,4,3,2,1,3,1,8,1,3
81,1,2,2,15,3,6,8,0,3,4,4,1,1,3,0,13,0
82,1,2,2,16,1,6,9,1,3,4,1,1,1,2,8,15,1
82,1,2,2,16,2,9,6,1,4,3,2,1,1,3,0,8,3
83,1,2,2,17,1,9,7,0,4,3,1,1,1,4,7,15,3
83,1,2,2,17,2,7,9,0,3,4,2,1,3,1,9,1,1
83,1,2,2,17,3,9,7,0,4,3,4,2,2,2,0,12,0
84,1,2,2,18,1,9,8,0,4,3,1,1,3,4,7,15,3
84,1,2,2,18,2,8,9,0,3,4,2,1,3,1,9,1,1
84,1,2,2,18,3,9,8,0,4,3,4,2,1,2,9,12,0
84,1,2,2,18,4,8,9,0,3,4,4,2,1,2,8,10,0
84,1,2,2,18,5,9,8,0,4,3,4,1,1,2,0,10,0
85,1,2,2,19,1,9,9,1,3,4,1,1,2,5,4,15,1
85,1,2,2,19,2,9,9,1,4,3,2,1,1,3,9,10,2
85,1,2,2,19,3,9,9,1,3,4,4,1,3,1,9,1,0
85,1,2,2,19,4,9,9,1,4,3,4,2,1,3,0,12,0
86,1,2,2,20,1,10,9,0,3,4,1,1,1,5,4,15,1
86,1,2,2,20,2,9,10,0,4,3,2,1,1,2,7,10,2
86,1,2,2,20,3,10,9,0,3,4,4,1,1,1,9,1,0
86,1,2,2,20,4,9,10,0,4,3,4,2,1,2,8,12,0
86,1,2,2,20,5,10,9,0,3,4,4,1,3,1,8,1,0
86,1,2,2,20,6,9,10,0,4,3,4,2,1,2,5,12,0
86,1,2,2,20,7,10,9,0,3,4,4,1,1,2,0,11,0
87,1,2,2,21,1,10,10,0,4,3,1,1,1,3,2,15,3
87,1,2,2,21,2,10,10,0,3,4,2,1,1,3,8,10,1
87,1,2,2,21,3,10,10,0,4,3,4,1,3,1,7,1,0
87,1,2,2,21,4,10,10,0,3,4,4,1,1,3,9,13,0
87,1,2,2,21,5,10,10,0,4,3,4,1,3,1,7,1,0
87,1,2,2,21,6,10,10,0,3,4,4,1,3,3,7,13,0
87,1,2,2,21,7,10,10,0,4,3,4,1,1,3,8,13,0
87,1,2,2,21,8,10,10,0,3,4,4,1,3,1,7,1,0
87,1,2,2,21,9,10,10,0,4,3,4,1,1,3,8,14,0
87,1,2,2,21,10,10,10,0,3,4,4,1,2,1,9,1,0
87,1,2,2,21,11,10,10,0,4,3,4,2,1,2,8,12,0
87,1,2,2,21,12,10,10,0,3,4,4,1,3,1,8,1,0
87,1,2,2,21,13,10,10,0,4,3,4,1,2,2,0,12,0
88,1,2,2,22,1,11,10,0,3,4,1,1,2,5,7,15,1
88,1,2,2,22,2,10,11,0,4,3,2,2,1,3,9,12,2
88,1,2,2,22,3,11,10,0,3,4,4,2,1,3,0,10,0
89,1,2,2,23,1,11,11,0,4,3,1,2,2,3,9,15,3
89,1,2,2,23,2,11,11,0,3,4,2,2,1,3,9,6,1
89,1,2,2,23,3,11,11,0,4,3,4,2,2,2,4,12,0
89,1,2,2,23,4,11,11,0,3,4,4,1,3,1,9,1,0
89,1,2,2,23,5,11,11,0,4,3,4,2,1,2,0,12,0
90,1,2,2,24,1,12,11,0,3,4,1,1,2,2,7,15,1
90,1,2,2,24,2,11,12,0,4,3,2,1,1,2,7,10,2
90,1,2,2,24,3,12,11,0,3,4,4,1,3,1,9,1,0
90,1,2,2,24,4,11,12,0,4,3,4,2,1,2,8,12,0
90,1,2,2,24,5,12,11,0,3,4,4,1,3,1,8,1,0
90,1,2,2,24,6,11,12,0,4,3,4,2,1,2,8,12,0
90,1,2,2,24,7,12,11,0,3,4,4,1,3,1,8,1,0
90,1,2,2,24,8,11,12,0,4,3,4,1,1,3,8,12,0
90,1,2,2,24,9,12,11,0,3,4,4,1,3,1,0,1,0
91,1,2,2,25,1,12,12,0,4,3,1,1,1,4,5,15,3
91,1,2,2,25,2,12,12,0,3,4,2,1,2,1,8,1,1
91,1,2,2,25,3,12,12,0,4,3,4,1,1,3,8,12,0
91,1,2,2,25,4,12,12,0,3,4,4,1,3,1,9,1,0
91,1,2,2,25,5,12,12,0,4,3,4,2,1,2,8,12,0
91,1,2,2,25,6,12,12,0,3,4,4,1,1,1,8,1,0
91,1,2,2,25,7,12,12,0,4,3,4,2,1,2,8,12,0
91,1,2,2,25,8,12,12,0,3,4,4,1,1,2,8,10,0
91,1,2,2,25,9,12,12,0,4,3,4,2,1,2,8,10,0
91,1,2,2,25,10,12,12,0,3,4,4,1,3,1,7,1,0
91,1,2,2,25,11,12,12,0,4,3,4,1,2,3,8,12,0
91,1,2,2,25,12,12,12,0,3,4,4,1,3,1,7,1,0
91,1,2,2,25,13,12,12,0,4,3,4,1,3,1,0,2,0
92,1,2,2,26,1,13,12,1,3,4,1,1,3,4,8,15,1
92,1,2,2,26,2,12,13,1,4,3,2,1,3,1,8,1,2
92,1,2,2,26,3,13,12,1,3,4,4,2,2,3,9,13,0
92,1,2,2,26,4,12,13,1,4,3,4,1,3,1,8,1,0
92,1,2,2,26,5,13,12,1,3,4,4,1,3,1,8,2,0
92,1,2,2,26,6,12,13,1,4,3,4,1,2,1,8,2,0
92,1,2,2,26,7,13,12,1,3,4,4,1,3,1,7,2,0
92,1,2,2,26,8,12,13,1,4,3,4,1,1,3,0,14,0
92,1,2,2,26,9,13,12,1,3,4,4,1,1,1,7,1,0
92,1,2,2,26,10,12,13,1,4,3,4,1,1,3,0,14,0
93,1,2,3,1,1,0,0,0,3,4,1,1,1,3,7,15,1
93,1,2,3,1,2,0,0,0,4,3,2,1,1,3,9,10,2
93,1,2,3,1,3,0,0,0,3,4,4,1,3,1,8,1,0
93,1,2,3,1,4,0,0,0,4,3,4,2,1,2,7,12,0
93,1,2,3,1,5,0,0,0,3,4,4,1,2,1,0,1,0
94,1,2,3,2,1,0,1,1,3,4,1,1,2,5,9,15,1
94,1,2,3,2,2,1,0,1,4,3,2,2,1,3,7,12,2
94,1,2,3,2,3,0,1,1,3,4,4,1,1,3,8,10,0
94,1,2,3,2,4,1,0,1,4,3,4,2,1,3,9,12,0
94,1,2,3,2,5,0,1,1,3,4,4,2,1,2,9,10,0
94,1,2,3,2,6,1,0,1,4,3,4,2,1,3,8,12,0
94,1,2,3,2,7,0,1,1,3,4,4,1,2,1,8,1,0
94,1,2,3,2,8,1,0,1,4,3,4,2,1,2,8,12,0
94,1,2,3,2,9,0,1,1,3,4,4,1,1,2,8,10,0
94,1,2,3,2,10,1,0,1,4,3,4,2,1,3,0,12,0
95,1,2,3,3,1,1,1,1,4,3,1,1,2,5,8,15,3
95,1,2,3,3,2,1,1,1,3,4,2,1,3,1,7,1,1
95,1,2,3,3,3,1,1,1,4,3,4,1,1,3,8,12,0
95,1,2,3,3,4,1,1,1,3,4,4,1,3,1,0,1,0
96,1,2,3,4,1,2,1,1,4,3,1,1,1,5,5,15,3
96,1,2,3,4,2,1,2,1,3,4,2,1,1,2,0,10,1
97,1,2,3,5,1,1,3,0,3,4,1,1,2,5,7,16,1
97,1,2,3,5,2,3,1,0,4,3,2,1,3,1,9,1,2
97,1,2,3,5,3,1,3,0,3,4,4,2,1,3,0,13,0
98,1,2,3,6,1,1,4,1,3,4,1,1,1,5,5,15,1
98,1,2,3,6,2,4,1,1,4,3,2,2,1,3,9,12,2
98,1,2,3,6,3,1,4,1,3,4,4,2,1,3,0,10,0
98,1,2,3,6,4,4,1,1,4,3,4,2,1,3,8,10,0
98,1,2,3,6,5,1,4,1,3,4,4,1,3,1,8,1,0
98,1,2,3,6,6,4,1,1,4,3,4,2,1,3,0,13,0
99,1,2,3,7,1,4,2,1,4,3,1,1,1,5,5,15,3
99,1,2,3,7,2,2,4,1,3,4,2,1,1,5,7,10,1
99,1,2,3,7,3,4,2,1,4,3,4,1,3,1,8,1,0
99,1,2,3,7,4,2,4,1,3,4,4,1,3,1,0,2,0
100,1,2,3,8,1,5,2,0,4,3,1,1,2,5,4,15,3
100,1,2,3,8,2,2,5,0,3,4,2,1,2,1,6,1,3
100,1,2,3,8,3,5,2,0,4,3,4,2,1,3,0,13,0
101,1,2,3,9,1,3,5,0,3,4,1,1,2,4,8,15,1
101,1,2,3,9,2,5,3,0,4,3,2,1,3,1,8,1,2
101,1,2,3,9,3,3,5,0,3,4,4,2,1,3,9,13,0
101,1,2,3,9,4,5,3,0,4,3,4,2,1,2,8,12,0
101,1,2,3,9,5,3,5,0,3,4,4,1,3,1,0,1,0
102,1,2,3,10,1,3,6,1,3,4,1,1,2,2,8,15,1
102,1,2,3,10,2,6,3,1,4,3,2,2,1,3,9,12,2
102,1,2,3,10,3,3,6,1,3,4,4,2,2,1,8,5,0
102,1,2,3,10,4,6,3,1,4,3,4,2,1,3,7,12,0
102,1,2,3,10,5,3,6,1,3,4,4,1,3,1,8,1,0
102,1,2,3,10,6,6,3,1,4,3,4,2,1,2,0,12,0
103,1,2,3,11,1,6,4,0,4,3,1,1,1,5,5,15,3
103,1,2,3,11,2,4,6,0,3,4,2,1,1,2,9,10,1
103,1,2,3,11,3,6,4,0,4,3,4,2,3,1,0,6,0
104,1,2,3,12,1,6,5,1,4,3,1,1,2,5,5,15,3
104,1,2,3,12,2,5,6,1,3,4,2,1,1,2,8,10,1
104,1,2,3,12,3,6,5,1,4,3,4,1,3,1,7,1,0
104,1,2,3,12,4,5,6,1,3,4,4,1,1,3,9,13,0
104,1,2,3,12,5,6,5,1,4,3,4,1,3,1,7,1,0
104,1,2,3,12,6,5,6,1,3,4,4,1,2,3,0,13,0
105,1,2,3,13,1,5,7,0,3,4,1,1,2,5,4,15,1
105,1,2,3,13,2,7,5,0,4,3,2,1,1,2,9,10,2
105,1,2,3,13,3,5,7,0,3,4,4,2,1,2,8,10,0
105,1,2,3,13,4,7,5,0,4,3,4,1,2,1,9,1,0
105,1,2,3,13,5,5,7,0,3,4,4,2,3,3,0,13,0
106,1,2,3,14,1,5,8,0,3,4,1,1,1,3,4,15,1
106,1,2,3,14,2,8,5,0,4,3,2,1,1,3,7,10,2
106,1,2,3,14,3,5,8,0,3,4,4,1,3,1,8,1,0
106,1,2,3,14,4,8,5,0,4,3,4,2,1,3,8,12,0
106,1,2,3,14,5,5,8,0,3,4,4,1,3,1,7,1,0
106,1,2,3,14,6,8,5,0,4,3,4,1,1,3,9,14,0
106,1,2,3,14,7,5,8,0,3,4,4,1,1,3,0,13,0
107,1,2,3,15,1,9,5,0,4,3,1,1,1,5,9,16,3
107,1,2,3,15,2,5,9,0,3,4,2,1,3,1,7,1,1
107,1,2,3,15,3,9,5,0,4,3,4,1,0,0,0,13,0
108,1,2,3,16,1,9,6,1,4,3,1,1,2,5,5,15,3
108,1,2,3,16,2,6,9,1,3,4,2,1,2,2,9,10,1
108,1,2,3,16,3,9,6,1,4,3,4,2,2,1,7,6,0
108,1,2,3,16,4,6,9,1,3,4,4,1,1,3,0,13,0
109,1,2,3,17,1,6,10,1,3,4,1,1,2,2,7,15,1
109,1,2,3,17,2,10,6,1,4,3,2,1,1,2,0,10,2
110,1,2,3,18,1,7,10,1,3,4,1,1,2,2,7,15,1
110,1,2,3,18,2,10,7,1,4,3,2,1,2,1,7,8,2
110,1,2,3,18,3,7,10,1,3,4,4,1,2,1,8,1,0
110,1,2,3,18,4,10,7,1,4,3,4,1,1,3,0,13,0
111,1,2,3,19,1,10,8,1,4,3,1,2,2,3,7,15,3
111,1,2,3,19,2,8,10,1,3,4,2,1,1,3,0,1,1
111,1,2,3,19,3,10,8,1,4,3,4,2,1,2,7,12,0
111,1,2,3,19,4,8,10,1,3,4,4,1,3,1,0,1,0
112,1,2,4,1,1,0,0,1,4,3,1,1,1,5,5,15,3
112,1,2,4,1,2,0,0,1,3,4,2,1,1,2,9,10,1
112,1,2,4,1,3,0,0,1,4,3,4,2,2,1,9,6,0
112,1,2,4,1,4,0,0,1,3,4,4,1,3,1,0,1,0
113,1,2,4,2,1,1,0,1,4,3,1,1,1,2,2,15,3
113,1,2,4,2,2,0,1,1,3,4,2,1,1,2,9,10,1
113,1,2,4,2,3,1,0,1,4,3,4,2,1,3,9,12,0
113,1,2,4,2,4,0,1,1,3,4,4,2,2,1,8,1,0
113,1,2,4,2,5,1,0,1,4,3,4,1,3,1,9,2,0
113,1,2,4,2,6,0,1,1,3,4,4,2,1,3,0,13,0
114,1,2,4,3,1,0,2,1,3,4,1,1,1,2,3,15,1
114,1,2,4,3,2,2,0,1,4,3,2,1,1,2,0,10,2
115,1,2,4,4,1,1,2,1,3,4,1,1,2,2,7,15,1
115,1,2,4,4,2,2,1,1,4,3,2,1,2,1,8,1,2
115,1,2,4,4,3,1,2,1,3,4,4,2,2,3,7,13,0
115,1,2,4,4,4,2,1,1,4,3,4,1,2,1,0,1,0
117,1,2,4,6,1,2,3,0,4,3,1,1,1,2,2,15,3
117,1,2,4,6,2,3,2,0,3,4,2,1,1,2,9,10,1
117,1,2,4,6,3,2,3,0,4,3,4,2,3,1,0,6,0
118,1,2,4,7,1,4,2,0,3,4,1,1,1,3,5,15,1
118,1,2,4,7,2,2,4,0,4,3,2,1,1,3,7,10,2
118,1,2,4,7,3,4,2,0,3,4,4,1,3,1,0,1,0
119,1,2,4,8,1,4,3,1,3,4,1,1,2,2,7,15,1
119,1,2,4,8,2,3,4,1,4,3,2,1,1,2,5,11,2
119,1,2,4,8,3,4,3,1,3,4,4,1,1,2,5,11,0
119,1,2,4,8,4,3,4,1,4,3,4,2,1,3,9,12,0
119,1,2,4,8,5,4,3,1,3,4,4,1,1,1,8,1,0
119,1,2,4,8,6,3,4,1,4,3,4,1,3,1,0,2,0
120,1,2,4,9,1,3,5,0,4,3,1,1,1,5,4,15,3
120,1,2,4,9,2,5,3,0,3,4,2,1,1,2,9,10,1
120,1,2,4,9,3,3,5,0,4,3,4,2,1,3,9,12,0
120,1,2,4,9,4,5,3,0,3,4,4,1,1,1,7,1,0
120,1,2,4,9,5,3,5,0,4,3,4,1,1,3,9,12,0
120,1,2,4,9,6,5,3,0,3,4,4,1,2,1,9,1,0
120,1,2,4,9,7,3,5,0,4,3,4,2,2,2,9,12,0
120,1,2,4,9,8,5,3,0,3,4,4,2,2,2,7,10,0
120,1,2,4,9,9,3,5,0,4,3,4,1,1,2,8,10,0
120,1,2,4,9,10,5,3,0,3,4,4,1,3,1,8,1,0
120,1,2,4,9,11,3,5,0,4,3,4,2,1,3,9,12,0
120,1,2,4,9,12,5,3,0,3,4,4,1,3,3,9,3,0
120,1,2,4,9,13,3,5,0,4,3,4,2,1,3,5,12,0
120,1,2,4,9,14,5,3,0,3,4,4,1,3,3,8,3,0
120,1,2,4,9,15,3,5,0,4,3,4,2,1,3,0,14,0
121,1,2,4,10,1,3,6,0,4,3,1,1,1,5,2,15,3
121,1,2,4,10,2,6,3,0,3,4,2,1,1,5,7,10,1
121,1,2,4,10,3,3,6,0,4,3,4,1,2,1,0,1,0
122,1,2,4,11,1,7,3,0,3,4,1,1,1,4,7,15,1
122,1,2,4,11,2,3,7,0,4,3,2,1,1,1,7,1,2
122,1,2,4,11,3,7,3,0,3,4,4,1,3,1,8,2,0
122,1,2,4,11,4,3,7,0,4,3,4,2,1,2,8,12,0
122,1,2,4,11,5,7,3,0,3,4,4,1,3,1,7,1,0
122,1,2,4,11,6,3,7,0,4,3,4,1,1,3,8,12,0
122,1,2,4,11,7,7,3,0,3,4,4,1,3,1,0,3,0
123,1,2,4,12,1,7,4,0,3,4,1,1,3,2,7,15,1
123,1,2,4,12,2,4,7,0,4,3,2,1,1,2,8,10,2
123,1,2,4,12,3,7,4,0,3,4,4,1,1,2,8,10,0
123,1,2,4,12,4,4,7,0,4,3,4,2,2,3,9,8,0
123,1,2,4,12,5,7,4,0,3,4,4,1,2,1,8,1,0
123,1,2,4,12,6,4,7,0,4,3,4,1,3,3,7,13,0
123,1,2,4,12,7,7,4,0,3,4,4,1,2,3,0,13,0
124,1,2,4,13,1,5,7,1,4,3,1,1,1,2,2,15,3
124,1,2,4,13,2,7,5,1,3,4,2,1,1,2,9,10,1
124,1,2,4,13,3,5,7,1,4,3,4,2,2,1,7,6,0
124,1,2,4,13,4,7,5,1,3,4,4,1,3,1,8,1,0
124,1,2,4,13,5,5,7,1,4,3,4,2,1,2,8,12,0
124,1,2,4,13,6,7,5,1,3,4,4,2,1,2,7,11,0
124,1,2,4,13,7,5,7,1,4,3,4,1,1,2,9,10,0
124,1,2,4,13,8,7,5,1,3,4,4,1,1,1,7,1,0
124,1,2,4,13,9,5,7,1,4,3,4,1,3,1,8,1,0
124,1,2,4,13,10,7,5,1,3,4,4,2,1,3,0,13,0
125,1,2,4,14,1,6,7,1,4,3,1,1,1,4,4,15,3
125,1,2,4,14,2,7,6,1,3,4,2,1,1,1,0,7,1
126,1,2,4,15,1,7,7,0,3,4,1,1,2,3,7,15,1
126,1,2,4,15,2,7,7,0,4,3,2,1,1,3,8,10,2
126,1,2,4,15,3,7,7,0,3,4,4,1,3,1,8,1,0
126,1,2,4,15,4,7,7,0,4,3,4,2,1,3,6,12,0
126,1,2,4,15,5,7,7,0,3,4,4,1,3,1,0,1,0
127,1,2,4,16,1,7,8,0,3,4,1,1,1,2,7,15,1
127,1,2,4,16,2,8,7,0,4,3,2,1,1,2,7,10,2
127,1,2,4,16,3,7,8,0,3,4,4,1,2,1,9,1,0
127,1,2,4,16,4,8,7,0,4,3,4,2,1,2,7,12,0
127,1,2,4,16,5,7,8,0,3,4,4,1,2,2,7,10,0
127,1,2,4,16,6,8,7,0,4,3,4,1,1,1,8,1,0
127,1,2,4,16,7,7,8,0,3,4,4,1,3,1,0,2,0
128,1,2,4,17,1,9,7,0,4,3,1,1,1,5,5,16,3
128,1,2,4,17,2,7,9,0,3,4,2,2,2,1,9,7,1
128,1,2,4,17,3,9,7,0,4,3,4,2,1,2,7,12,0
128,1,2,4,17,4,7,9,0,3,4,4,1,3,1,9,1,0
128,1,2,4,17,5,9,7,0,4,3,4,2,1,2,8,12,0
128,1,2,4,17,6,7,9,0,3,4,4,1,1,2,9,10,0
128,1,2,4,17,7,9,7,0,4,3,4,2,2,2,8,10,0
128,1,2,4,17,8,7,9,0,3,4,4,1,2,2,9,10,0
128,1,2,4,17,9,9,7,0,4,3,4,2,2,2,7,10,0
128,1,2,4,17,10,7,9,0,3,4,4,1,1,2,9,11,0
128,1,2,4,17,11,9,7,0,4,3,4,2,2,3,7,12,0
128,1,2,4,17,12,7,9,0,3,4,4,1,2,1,7,1,0
128,1,2,4,17,13,9,7,0,4,3,4,2,1,2,0,12,0
129,1,2,4,18,1,9,8,1,4,3,1,1,3,4,7,15,3
129,1,2,4,18,2,8,9,1,3,4,2,1,3,1,0,1,1
130,1,2,4,19,1,8,10,1,3,4,1,1,3,2,7,15,1
130,1,2,4,19,2,10,8,1,4,3,2,1,2,1,0,1,2
131,1,2,4,20,1,9,10,0,3,4,1,1,2,2,8,15,1
131,1,2,4,20,2,10,9,0,4,3,2,2,2,3,8,12,2
131,1,2,4,20,3,9,10,0,3,4,4,1,1,1,8,1,0
131,1,2,4,20,4,10,9,0,4,3,4,2,1,2,8,12,0
131,1,2,4,20,5,9,10,0,3,4,4,1,3,1,9,1,0
131,1,2,4,20,6,10,9,0,4,3,4,2,1,2,7,12,0
131,1,2,4,20,7,9,10,0,3,4,4,1,3,1,9,1,0
131,1,2,4,20,8,10,9,0,4,3,4,2,1,2,8,12,0
131,1,2,4,20,9,9,10,0,3,4,4,1,3,1,8,1,0
131,1,2,4,20,10,10,9,0,4,3,4,2,1,2,8,12,0
131,1,2,4,20,11,9,10,0,3,4,4,1,3,1,0,1,0
132,2,3,1,1,1,0,0,1,5,2,1,2,2,4,4,15,1
132,2,3,1,1,2,0,0,1,2,5,2,1,3,2,4,12,3
132,2,3,1,1,3,0,0,1,5,2,4,1,2,2,4,10,0
132,2,3,1,1,4,0,0,1,2,5,4,1,2,2,5,10,0
132,2,3,1,1,5,0,0,1,5,2,4,1,2,1,7,1,0
132,2,3,1,1,6,0,0,1,2,5,4,1,2,3,9,6,0
132,2,3,1,1,7,0,0,1,5,2,4,2,2,3,8,6,0
132,2,3,1,1,8,0,0,1,2,5,4,2,1,2,6,12,0
132,2,3,1,1,9,0,0,1,5,2,4,1,1,2,5,10,0
132,2,3,1,1,10,0,0,1,2,5,4,1,2,2,5,12,0
132,2,3,1,1,11,0,0,1,5,2,4,2,2,2,5,13,0
132,2,3,1,1,12,0,0,1,2,5,4,1,3,2,4,12,0
132,2,3,1,1,13,0,0,1,5,2,4,1,1,2,4,10,0
132,2,3,1,1,14,0,0,1,2,5,4,1,1,2,8,12,0
132,2,3,1,1,15,0,0,1,5,2,4,1,2,1,9,1,0
132,2,3,1,1,16,0,0,1,2,5,4,2,2,2,0,12,0
133,2,3,1,2,1,1,0,1,5,2,1,1,2,3,8,15,1
133,2,3,1,2,2,0,1,1,2,5,2,2,2,2,5,12,1
133,2,3,1,2,3,1,0,1,5,2,4,2,1,2,4,10,0
133,2,3,1,2,4,0,1,1,2,5,4,1,3,3,0,3,0
134,2,3,1,3,1,0,2,1,2,5,1,2,2,4,9,15,1
134,2,3,1,3,2,2,0,1,5,2,2,2,2,3,0,1,1
135,2,3,1,4,1,1,2,0,2,5,1,2,1,3,4,15,1
135,2,3,1,4,2,2,1,0,5,2,2,1,1,3,6,7,1
135,2,3,1,4,3,1,2,0,2,5,4,2,1,2,6,9,0
135,2,3,1,4,4,2,1,0,5,2,4,2,2,2,8,10,0
135,2,3,1,4,5,1,2,0,2,5,4,1,2,2,0,12,0
136,2,3,1,5,1,3,1,1,5,2,1,2,1,4,4,15,1
136,2,3,1,5,2,1,3,1,2,5,2,2,1,2,6,10,1
136,2,3,1,5,3,3,1,1,5,2,4,2,1,2,9,10,0
136,2,3,1,5,4,1,3,1,2,5,4,2,1,2,6,10,0
136,2,3,1,5,5,3,1,1,5,2,4,2,2,1,9,1,0
136,2,3,1,5,6,1,3,1,2,5,4,2,2,2,5,12,0
136,2,3,1,5,7,3,1,1,5,2,4,1,2,2,4,10,0
136,2,3,1,5,8,1,3,1,2,5,4,1,1,2,5,12,0
136,2,3,1,5,9,3,1,1,5,2,4,1,2,2,7,3,0
136,2,3,1,5,10,1,3,1,2,5,4,1,0,0,0,13,0
137,2,3,1,6,1,4,1,0,5,2,1,1,1,2,9,15,1
137,2,3,1,6,2,1,4,0,2,5,2,2,1,2,6,12,1
137,2,3,1,6,3,4,1,0,5,2,4,2,1,2,4,11,0
137,2,3,1,6,4,1,4,0,2,5,4,1,3,3,4,3,0
137,2,3,1,6,5,4,1,0,5,2,4,0,0,0,0,0,0
138,2,3,1,7,1,2,4,1,2,5,1,2,2,5,6,15,1
138,2,3,1,7,2,4,2,1,5,2,2,2,2,2,5,10,1
138,2,3,1,7,3,2,4,1,2,5,4,2,2,2,6,12,0
138,2,3,1,7,4,4,2,1,5,2,4,2,2,1,9,1,0
138,2,3,1,7,5,2,4,1,2,5,4,2,2,2,5,12,0
138,2,3,1,7,6,4,2,1,5,2,4,1,1,2,4,11,0
138,2,3,1,7,7,2,4,1,2,5,4,1,1,2,5,10,0
138,2,3,1,7,8,4,2,1,5,2,4,1,3,2,0,3,0
139,2,3,1,8,1,3,4,1,2,5,1,2,3,4,9,15,1
139,2,3,1,8,2,4,3,1,5,2,2,2,0,0,0,1,1
140,2,3,1,9,1,4,4,1,5,2,1,2,3,4,9,15,1
140,2,3,1,9,2,4,4,1,2,5,2,2,2,2,8,12,1
140,2,3,1,9,3,4,4,1,5,2,4,1,3,2,8,3,0
140,2,3,1,9,4,4,4,1,2,5,4,1,0,0,0,5,0
141,2,3,1,10,1,5,4,0,5,2,1,2,2,5,5,15,1
141,2,3,1,10,2,4,5,0,2,5,2,2,2,2,8,12,1
141,2,3,1,10,3,5,4,0,5,2,4,1,2,2,0,3,0
142,2,3,1,11,1,5,5,0,2,5,1,1,2,5,6,18,1
142,2,3,1,11,2,5,5,0,5,2,2,2,2,2,6,10,1
142,2,3,1,11,3,5,5,0,2,5,4,2,2,2,6,12,0
142,2,3,1,11,4,5,5,0,5,2,4,2,2,1,6,1,0
142,2,3,1,11,5,5,5,0,2,5,4,2,2,2,6,12,0
142,2,3,1,11,6,5,5,0,5,2,4,2,1,2,4,11,0
142,2,3,1,11,7,5,5,0,2,5,4,1,2,2,6,12,0
142,2,3,1,11,8,5,5,0,5,2,4,2,2,2,4,10,0
142,2,3,1,11,9,5,5,0,2,5,4,1,2,2,0,12,0
143,2,3,1,12,1,5,6,1,2,5,1,2,1,3,6,15,1
143,2,3,1,12,2,6,5,1,5,2,2,2,2,2,0,10,1
144,2,3,1,13,1,6,6,0,5,2,1,2,3,4,9,15,1
144,2,3,1,13,2,6,6,0,2,5,2,2,2,5,4,12,1
144,2,3,1,13,3,6,6,0,5,2,4,1,2,1,7,1,0
144,2,3,1,13,4,6,6,0,2,5,4,1,2,1,8,2,0
144,2,3,1,13,5,6,6,0,5,2,4,2,2,3,0,6,0
145,2,3,1,14,1,6,7,0,5,2,1,2,2,4,4,15,1
145,2,3,1,14,2,7,6,0,2,5,2,2,1,2,6,12,1
145,2,3,1,14,3,6,7,0,5,2,4,2,2,1,0,1,0
146,2,3,1,15,1,8,6,0,2,5,1,1,2,5,1,18,1
146,2,3,1,15,2,6,8,0,5,2,2,1,2,2,4,10,1
146,2,3,1,15,3,8,6,0,2,5,4,1,1,2,8,10,0
146,2,3,1,15,4,6,8,0,5,2,4,1,3,2,9,3,0
146,2,3,1,15,5,8,6,0,2,5,4,2,2,2,0,12,0
147,2,3,1,16,1,8,7,1,2,5,1,2,2,4,8,15,1
147,2,3,1,16,2,7,8,1,5,2,2,2,0,0,0,1,0
148,2,3,1,17,1,7,9,0,5,2,1,1,2,3,8,15,1
148,2,3,1,17,2,9,7,0,2,5,2,1,2,2,5,12,1
148,2,3,1,17,3,7,9,0,5,2,4,1,1,2,0,10,0
149,2,3,1,18,1,7,10,0,5,2,1,2,2,4,5,15,1
149,2,3,1,18,2,10,7,0,2,5,2,2,1,2,5,12,1
149,2,3,1,18,3,7,10,0,5,2,4,2,2,2,6,10,0
149,2,3,1,18,4,10,7,0,2,5,4,2,1,2,6,10,0
149,2,3,1,18,5,7,10,0,5,2,4,2,2,1,9,1,0
149,2,3,1,18,6,10,7,0,2,5,4,2,2,2,6,12,0
149,2,3,1,18,7,7,10,0,5,2,4,2,2,2,5,10,0
149,2,3,1,18,8,10,7,0,2,5,4,1,2,2,6,12,0
149,2,3,1,18,9,7,10,0,5,2,4,2,2,2,4,10,0
149,2,3,1,18,10,10,7,0,2,5,4,1,2,2,8,12,0
149,2,3,1,18,11,7,10,0,5,2,4,2,2,2,4,10,0
149,2,3,1,18,12,10,7,0,2,5,4,1,2,2,5,12,0
149,2,3,1,18,13,7,10,0,5,2,4,1,1,2,6,10,0
149,2,3,1,18,14,10,7,0,2,5,4,2,1,2,6,12,0
149,2,3,1,18,15,7,10,0,5,2,4,1,2,2,0,3,0
150,2,3,2,1,1,0,0,0,2,5,1,2,1,3,1,15,1
150,2,3,2,1,2,0,0,0,5,2,2,1,1,3,6,7,1
150,2,3,2,1,3,0,0,0,2,5,4,1,2,3,0,3,0
151,2,3,2,2,1,0,1,1,2,5,1,2,1,2,9,15,1
151,2,3,2,2,2,1,0,1,5,2,2,2,2,1,9,1,1
151,2,3,2,2,3,0,1,1,2,5,4,2,2,2,9,9,0
151,2,3,2,2,4,1,0,1,5,2,4,2,2,2,6,10,0
151,2,3,2,2,5,0,1,1,2,5,4,2,2,2,9,10,0
151,2,3,2,2,6,1,0,1,5,2,4,2,2,1,9,1,0
151,2,3,2,2,7,0,1,1,2,5,4,2,2,2,9,12,0
151,2,3,2,2,8,1,0,1,5,2,4,1,2,2,0,3,0
152,2,3,2,3,1,1,1,1,5,2,1,2,2,4,8,15,1
152,2,3,2,3,2,1,1,1,2,5,2,2,2,4,7,12,1
152,2,3,2,3,3,1,1,1,5,2,4,1,2,2,4,3,0
152,2,3,2,3,4,1,1,1,2,5,4,1,0,0,0,0,0
153,2,3,2,4,1,2,1,0,5,2,1,2,2,5,5,15,1
153,2,3,2,4,2,1,2,0,2,5,2,2,1,2,8,12,2
153,2,3,2,4,3,2,1,0,5,2,4,1,2,2,0,3,0
154,2,3,2,5,1,2,2,0,2,5,1,2,2,5,9,15,1
154,2,3,2,5,2,2,2,0,5,2,2,2,2,1,8,1,1
154,2,3,2,5,3,2,2,0,2,5,4,1,2,3,0,3,0
155,2,3,2,6,1,2,3,0,2,5,1,1,3,5,9,15,1
155,2,3,2,6,2,3,2,0,5,2,2,2,2,2,6,10,1
155,2,3,2,6,3,2,3,0,2,5,4,2,1,2,9,10,0
155,2,3,2,6,4,3,2,0,5,2,4,2,2,1,9,1,0
155,2,3,2,6,5,2,3,0,2,5,4,2,2,2,9,12,0
155,2,3,2,6,6,3,2,0,5,2,4,2,1,2,5,11,0
155,2,3,2,6,7,2,3,0,2,5,4,1,2,2,6,10,0
155,2,3,2,6,8,3,2,0,5,2,4,2,1,2,6,10,0
155,2,3,2,6,9,2,3,0,2,5,4,2,1,2,9,10,0
155,2,3,2,6,10,3,2,0,5,2,4,2,2,1,9,1,0
155,2,3,2,6,11,2,3,0,2,5,4,2,1,2,9,12,0
155,2,3,2,6,12,3,2,0,5,2,4,1,2,2,9,3,0
155,2,3,2,6,13,2,3,0,2,5,4,2,2,2,8,12,0
155,2,3,2,6,14,3,2,0,5,2,4,1,3,2,7,3,0
155,2,3,2,6,15,2,3,0,2,5,4,1,0,0,0,13,0
156,2,3,2,7,1,4,2,0,5,2,1,2,2,4,4,15,1
156,2,3,2,7,2,2,4,0,2,5,2,2,1,5,4,12,2
156,2,3,2,7,3,4,2,0,5,2,4,1,2,1,0,1,0
157,2,3,2,8,1,4,3,1,5,2,1,2,3,4,9,15,1
157,2,3,2,8,2,3,4,1,2,5,2,2,2,2,4,12,1
157,2,3,2,8,3,4,3,1,5,2,4,1,1,2,4,10,0
157,2,3,2,8,4,3,4,1,2,5,4,1,2,2,4,12,0
157,2,3,2,8,5,4,3,1,5,2,4,2,1,2,5,10,0
157,2,3,2,8,6,3,4,1,2,5,4,1,2,2,6,10,0
157,2,3,2,8,7,4,3,1,5,2,4,2,1,2,5,11,0
157,2,3,2,8,8,3,4,1,2,5,4,1,2,2,6,10,0
157,2,3,2,8,9,4,3,1,5,2,4,2,2,2,6,10,0
157,2,3,2,8,10,3,4,1,2,5,4,2,1,2,9,10,0
157,2,3,2,8,11,4,3,1,5,2,4,2,2,1,8,1,0
157,2,3,2,8,12,3,4,1,2,5,4,1,2,5,5,12,0
157,2,3,2,8,13,4,3,1,5,2,4,1,1,2,6,11,0
157,2,3,2,8,14,3,4,1,2,5,4,2,1,2,0,10,0
158,2,3,2,9,1,3,5,1,2,5,1,1,2,5,8,15,1
158,2,3,2,9,2,5,3,1,5,2,2,1,2,2,9,10,1
158,2,3,2,9,3,3,5,1,2,5,4,1,2,2,9,12,0
158,2,3,2,9,4,5,3,1,5,2,4,2,2,2,4,10,0
158,2,3,2,9,5,3,5,1,2,5,4,1,2,2,8,10,0
158,2,3,2,9,6,5,3,1,5,2,4,1,2,2,0,3,0
159,2,3,2,10,1,4,5,0,2,5,1,2,1,2,9,15,1
159,2,3,2,10,2,5,4,0,5,2,2,2,1,1,6,1,1
159,2,3,2,10,3,4,5,0,2,5,4,2,2,2,0,9,0
160,2,3,2,11,1,6,4,0,5,2,1,1,2,5,6,15,1
160,2,3,2,11,2,4,6,0,2,5,2,2,1,2,8,12,1
160,2,3,2,11,3,6,4,0,5,2,4,1,3,2,0,3,0
161,2,3,2,12,1,6,5,1,5,2,1,2,2,3,6,15,1
161,2,3,2,12,2,5,6,1,2,5,2,2,2,2,4,12,1
161,2,3,2,12,3,6,5,1,5,2,4,1,2,2,4,10,0
161,2,3,2,12,4,5,6,1,2,5,4,1,2,2,6,10,0
161,2,3,2,12,5,6,5,1,5,2,4,2,1,2,4,11,0
161,2,3,2,12,6,5,6,1,2,5,4,1,2,2,4,10,0
161,2,3,2,12,7,6,5,1,5,2,4,1,1,2,2,11,0
161,2,3,2,12,8,5,6,1,2,5,4,2,1,2,8,10,0
161,2,3,2,12,9,6,5,1,5,2,4,2,2,1,6,1,0
161,2,3,2,12,10,5,6,1,2,5,4,2,2,2,9,12,0
161,2,3,2,12,11,6,5,1,5,2,4,2,2,2,4,10,0
161,2,3,2,12,12,5,6,1,2,5,4,1,2,2,6,10,0
161,2,3,2,12,13,6,5,1,5,2,4,2,2,2,5,10,0
161,2,3,2,12,14,5,6,1,2,5,4,1,2,2,0,10,0
162,2,3,2,13,1,5,7,1,2,5,1,2,1,2,9,15,1
162,2,3,2,13,2,7,5,1,5,2,2,2,2,1,8,1,1
162,2,3,2,13,3,5,7,1,2,5,4,1,1,2,2,12,0
162,2,3,2,13,4,7,5,1,5,2,4,1,1,2,0,11,0
163,2,3,2,14,1,6,7,1,2,5,1,2,2,5,9,15,1
163,2,3,2,14,2,7,6,1,5,2,2,2,2,1,6,1,1
163,2,3,2,14,3,6,7,1,2,5,4,2,1,2,6,12,0
163,2,3,2,14,4,7,6,1,5,2,4,2,1,2,4,11,0
163,2,3,2,14,5,6,7,1,2,5,4,1,3,2,9,12,0
163,2,3,2,14,6,7,6,1,5,2,4,2,2,2,4,10,0
163,2,3,2,14,7,6,7,1,2,5,4,1,2,2,6,10,0
163,2,3,2,14,8,7,6,1,5,2,4,2,2,2,6,10,0
163,2,3,2,14,9,6,7,1,2,5,4,2,1,2,9,10,0
163,2,3,2,14,10,7,6,1,5,2,4,2,2,1,9,1,0
163,2,3,2,14,11,6,7,1,2,5,4,2,2,2,5,12,0
163,2,3,2,14,12,7,6,1,5,2,4,1,1,2,5,11,0
163,2,3,2,14,13,6,7,1,2,5,4,2,1,2,6,10,0
163,2,3,2,14,14,7,6,1,5,2,4,2,2,1,9,1,0
163,2,3,2,14,15,6,7,1,2,5,4,2,2,2,6,12,0
163,2,3,2,14,16,7,6,1,5,2,4,2,1,2,4,11,0
163,2,3,2,14,17,6,7,1,2,5,4,1,1,2,6,10,0
163,2,3,2,14,18,7,6,1,5,2,4,2,2,2,4,10,0
163,2,3,2,14,19,6,7,1,2,5,4,1,2,2,4,10,0
163,2,3,2,14,20,7,6,1,5,2,4,1,1,2,5,10,0
163,2,3,2,14,21,6,7,1,2,5,4,1,1,2,1,11,0
163,2,3,2,14,22,7,6,1,5,2,4,1,1,2,2,11,0
163,2,3,2,14,23,6,7,1,2,5,4,1,2,2,6,10,0
163,2,3,2,14,24,7,6,1,5,2,4,2,2,2,6,10,0
163,2,3,2,14,25,6,7,1,2,5,4,2,2,2,6,10,0
163,2,3,2,14,26,7,6,1,5,2,4,2,2,1,6,1,0
163,2,3,2,14,27,6,7,1,2,5,4,2,2,2,6,12,0
163,2,3,2,14,28,7,6,1,5,2,4,2,2,2,4,10,0
163,2,3,2,14,29,6,7,1,2,5,4,1,2,2,6,10,0
163,2,3,2,14,30,7,6,1,5,2,4,2,2,2,6,10,0
163,2,3,2,14,31,6,7,1,2,5,4,2,1,2,9,10,0
163,2,3,2,14,32,7,6,1,5,2,4,2,2,1,0,1,0
164,2,3,2,15,1,7,7,1,5,2,1,1,1,2,9,15,1
164,2,3,2,15,2,7,7,1,2,5,2,2,2,2,4,12,1
164,2,3,2,15,3,7,7,1,5,2,4,1,2,2,2,11,0
164,2,3,2,15,4,7,7,1,2,5,4,2,1,2,0,10,0
165,2,3,2,16,1,8,7,0,5,2,1,1,2,3,9,15,1
165,2,3,2,16,2,7,8,0,2,5,2,2,2,2,9,12,1
165,2,3,2,16,3,8,7,0,5,2,4,2,2,2,4,10,0
165,2,3,2,16,4,7,8,0,2,5,4,1,2,2,9,10,0
165,2,3,2,16,5,8,7,0,5,2,4,2,2,2,6,10,0
165,2,3,2,16,6,7,8,0,2,5,4,2,1,2,6,10,0
165,2,3,2,16,7,8,7,0,5,2,4,2,2,1,9,1,0
165,2,3,2,16,8,7,8,0,2,5,4,2,2,2,9,12,0
165,2,3,2,16,9,8,7,0,5,2,4,2,2,2,5,10,0
165,2,3,2,16,10,7,8,0,2,5,4,1,2,2,8,10,0
165,2,3,2,16,11,8,7,0,5,2,4,1,1,2,0,11,0
166,2,3,2,17,1,8,8,0,2,5,1,2,3,5,9,15,1
166,2,3,2,17,2,8,8,0,5,2,2,2,2,1,9,1,1
166,2,3,2,17,3,8,8,0,2,5,4,2,2,2,9,12,0
166,2,3,2,17,4,8,8,0,5,2,4,1,3,2,9,3,0
166,2,3,2,17,5,8,8,0,2,5,4,2,3,2,0,12,0
167,2,3,2,18,1,8,9,1,2,5,1,1,3,5,9,15,1
167,2,3,2,18,2,9,8,1,5,2,2,2,2,2,6,10,1
167,2,3,2,18,3,8,9,1,2,5,4,2,2,2,9,10,0
167,2,3,2,18,4,9,8,1,5,2,4,2,2,1,0,1,0
168,2,3,2,19,1,9,9,0,5,2,1,2,3,4,9,15,1
168,2,3,2,19,2,9,9,0,2,5,2,2,1,2,8,12,1
168,2,3,2,19,3,9,9,0,5,2,4,1,3,2,9,3,0
168,2,3,2,19,4,9,9,0,2,5,4,2,1,2,8,14,0
168,2,3,2,19,5,9,9,0,5,2,4,1,3,2,8,3,0
168,2,3,2,19,6,9,9,0,2,5,4,1,2,3,8,14,0
168,2,3,2,19,7,9,9,0,5,2,4,0,0,0,0,0,0
169,2,3,2,20,1,9,10,0,5,2,1,2,2,4,5,15,1
169,2,3,2,20,2,10,9,0,2,5,2,2,1,2,5,12,1
169,2,3,2,20,3,9,10,0,5,2,4,2,1,2,6,10,0
169,2,3,2,20,4,10,9,0,2,5,4,2,1,2,9,10,0
169,2,3,2,20,5,9,10,0,5,2,4,2,2,1,5,1,0
169,2,3,2,20,6,10,9,0,2,5,4,1,2,2,8,12,0
169,2,3,2,20,7,9,10,0,5,2,4,1,1,2,6,11,0
169,2,3,2,20,8,10,9,0,2,5,4,2,1,2,9,10,0
169,2,3,2,20,9,9,10,0,5,2,4,2,2,1,6,1,0
169,2,3,2,20,10,10,9,0,2,5,4,2,2,2,9,12,0
169,2,3,2,20,11,9,10,0,5,2,4,2,1,2,4,11,0
169,2,3,2,20,12,10,9,0,2,5,4,1,3,2,9,10,0
169,2,3,2,20,13,9,10,0,5,2,4,2,2,2,8,10,0
169,2,3,2,20,14,10,9,0,2,5,4,1,2,2,4,10,0
169,2,3,2,20,15,9,10,0,5,2,4,1,1,2,0,10,0
170,2,3,3,1,1,0,0,0,5,2,1,1,2,4,8,15,1
170,2,3,3,1,2,0,0,0,2,5,2,2,1,2,2,12,1
170,2,3,3,1,3,0,0,0,5,2,4,2,2,2,6,12,0
170,2,3,3,1,4,0,0,0,2,5,4,2,1,2,6,10,0
170,2,3,3,1,5,0,0,0,5,2,4,2,2,2,4,10,0
170,2,3,3,1,6,0,0,0,2,5,4,1,3,2,6,10,0
170,2,3,3,1,7,0,0,0,5,2,4,2,1,2,4,10,0
170,2,3,3,1,8,0,0,0,2,5,4,1,3,3,7,3,0
170,2,3,3,1,9,0,0,0,5,2,4,1,0,0,0,0,0
171,2,3,3,2,1,0,1,0,5,2,1,2,2,4,4,15,1
171,2,3,3,2,2,1,0,0,2,5,2,2,1,2,6,12,1
171,2,3,3,2,3,0,1,0,5,2,4,1,3,2,7,3,0
171,2,3,3,2,4,1,0,0,2,5,4,1,2,3,8,5,0
171,2,3,3,2,5,0,1,0,5,2,4,1,3,2,7,3,0
171,2,3,3,2,6,1,0,0,2,5,4,1,2,3,9,5,0
171,2,3,3,2,7,0,1,0,5,2,4,2,1,3,9,6,0
171,2,3,3,2,8,1,0,0,2,5,4,2,1,2,6,12,0
171,2,3,3,2,9,0,1,0,5,2,4,2,1,2,5,11,0
171,2,3,3,2,10,1,0,0,2,5,4,1,2,2,6,12,0
171,2,3,3,2,11,0,1,0,5,2,4,2,2,2,9,10,0
171,2,3,3,2,12,1,0,0,2,5,4,2,1,2,6,10,0
171,2,3,3,2,13,0,1,0,5,2,4,2,2,1,0,1,0
172,2,3,3,3,1,2,0,0,2,5,1,1,2,5,9,18,1
172,2,3,3,3,2,0,2,0,5,2,2,2,3,1,9,1,1
172,2,3,3,3,3,2,0,0,2,5,4,2,2,2,5,12,0
172,2,3,3,3,4,0,2,0,5,2,4,1,1,2,4,10,0
172,2,3,3,3,5,2,0,0,2,5,4,1,1,3,5,14,0
172,2,3,3,3,6,0,2,0,5,2,4,1,3,2,7,3,0
172,2,3,3,3,7,2,0,0,2,5,4,1,0,0,0,0,0
173,2,3,3,4,1,2,1,1,2,5,1,1,2,5,5,18,1
173,2,3,3,4,2,1,2,1,5,2,2,2,2,2,6,10,1
173,2,3,3,4,3,2,1,1,2,5,4,2,1,2,5,10,0
173,2,3,3,4,4,1,2,1,5,2,4,2,2,0,0,1,0
174,2,3,3,5,1,1,3,0,5,2,1,2,1,4,1,15,1
174,2,3,3,5,2,3,1,0,2,5,2,2,1,4,4,8,2
174,2,3,3,5,3,1,3,0,5,2,4,1,2,3,7,3,0
174,2,3,3,5,4,3,1,0,2,5,4,1,2,3,9,5,0
174,2,3,3,5,5,1,3,0,5,2,4,2,1,3,0,14,0
175,2,3,3,7,1,5,1,1,2,5,1,2,1,3,5,15,1
175,2,3,3,7,2,1,5,1,5,2,2,2,2,3,0,6,1
176,2,3,3,8,1,6,1,0,2,5,1,2,2,5,4,15,1
176,2,3,3,8,2,1,6,0,5,2,2,1,2,2,4,10,1
176,2,3,3,8,3,6,1,0,2,5,4,1,3,3,0,3,0
177,2,3,3,9,1,2,6,0,5,2,1,2,2,5,8,15,1
177,2,3,3,9,2,6,2,0,2,5,2,2,2,5,5,12,1
177,2,3,3,9,3,2,6,0,5,2,4,2,1,2,4,10,0
177,2,3,3,9,4,6,2,0,2,5,4,1,2,2,6,10,0
177,2,3,3,9,5,2,6,0,5,2,4,2,2,2,6,10,0
177,2,3,3,9,6,6,2,0,2,5,4,2,1,2,6,10,0
177,2,3,3,9,7,2,6,0,5,2,4,2,2,2,6,10,0
177,2,3,3,9,8,6,2,0,2,5,4,2,2,2,6,10,0
177,2,3,3,9,9,2,6,0,5,2,4,2,1,2,9,10,0
177,2,3,3,9,10,6,2,0,2,5,4,2,1,2,6,10,0
177,2,3,3,9,11,2,6,0,5,2,4,2,2,2,6,10,0
177,2,3,3,9,12,6,2,0,2,5,4,2,1,2,6,10,0
177,2,3,3,9,13,2,6,0,5,2,4,2,1,2,4,10,0
177,2,3,3,9,14,6,2,0,2,5,4,1,3,3,7,3,0
177,2,3,3,9,15,2,6,0,5,2,4,1,0,0,0,5,0
178,2,3,3,10,1,2,7,0,5,2,1,2,3,4,9,15,1
178,2,3,3,10,2,7,2,0,2,5,2,2,1,4,9,12,1
178,2,3,3,10,3,2,7,0,5,2,4,2,2,1,9,1,0
178,2,3,3,10,4,7,2,0,2,5,4,2,2,2,5,12,0
178,2,3,3,10,5,2,7,0,5,2,4,1,1,2,4,10,0
178,2,3,3,10,6,7,2,0,2,5,4,1,2,3,7,3,0
178,2,3,3,10,7,2,7,0,5,2,4,1,0,0,0,13,0
179,2,3,3,11,1,8,2,1,2,5,1,2,2,2,9,15,1
179,2,3,3,11,2,2,8,1,5,2,2,1,3,2,0,3,1
180,2,3,3,12,1,9,2,1,2,5,1,2,2,2,4,15,1
180,2,3,3,12,2,2,9,1,5,2,2,1,1,2,4,10,1
180,2,3,3,12,3,9,2,1,2,5,4,1,2,2,8,10,0
180,2,3,3,12,4,2,9,1,5,2,4,1,2,1,8,1,0
180,2,3,3,12,5,9,2,1,2,5,4,1,1,1,5,5,0
180,2,3,3,12,6,2,9,1,5,2,4,1,1,1,9,1,0
180,2,3,3,12,7,9,2,1,2,5,4,2,1,2,8,12,0
180,2,3,3,12,8,2,9,1,5,2,4,1,3,2,0,3,0
181,2,3,3,13,1,2,10,1,5,2,1,2,2,1,9,15,1
181,2,3,3,13,2,10,2,1,2,5,2,2,2,2,9,12,1
181,2,3,3,13,3,2,10,1,5,2,4,2,2,2,8,10,0
181,2,3,3,13,4,10,2,1,2,5,4,1,2,2,6,10,0
181,2,3,3,13,5,2,10,1,5,2,4,2,2,2,6,10,0
181,2,3,3,13,6,10,2,1,2,5,4,2,2,2,6,12,0
181,2,3,3,13,7,2,10,1,5,2,4,2,2,1,9,1,0
181,2,3,3,13,8,10,2,1,2,5,4,2,2,2,6,12,0
181,2,3,3,13,9,2,10,1,5,2,4,1,1,2,4,11,0
181,2,3,3,13,10,10,2,1,2,5,4,1,1,2,5,12,0
181,2,3,3,13,11,2,10,1,5,2,4,1,2,2,7,3,0
181,2,3,3,13,12,10,2,1,2,5,4,1,2,3,8,5,0
181,2,3,3,13,13,2,10,1,5,2,4,1,2,2,8,3,0
181,2,3,3,13,14,10,2,1,2,5,4,1,1,2,9,12,0
181,2,3,3,13,15,2,10,1,5,2,4,1,3,2,9,3,0
181,2,3,3,13,16,10,2,1,2,5,4,2,2,2,6,9,0
181,2,3,3,13,17,2,10,1,5,2,4,1,1,2,1,11,0
181,2,3,3,13,18,10,2,1,2,5,4,1,1,3,0,14,0
182,2,3,3,14,1,3,10,0,5,2,1,1,2,2,9,15,1
182,2,3,3,14,2,10,3,0,2,5,2,2,2,2,9,12,1
182,2,3,3,14,3,3,10,0,5,2,4,1,2,1,9,1,0
182,2,3,3,14,4,10,3,0,2,5,4,2,2,2,8,12,0
182,2,3,3,14,5,3,10,0,5,2,4,1,2,2,0,3,0
183,1,4,1,2,1,1,0,1,6,7,1,1,2,3,6,15,1
183,1,4,1,2,2,0,1,1,7,6,2,2,2,3,8,10,1
183,1,4,1,2,3,1,0,1,6,7,4,1,2,1,9,1,0
183,1,4,1,2,4,0,1,1,7,6,4,2,2,3,0,13,0
184,1,4,1,3,1,0,2,1,7,6,1,1,2,5,6,15,1
184,1,4,1,3,2,2,0,1,6,7,2,2,1,2,8,10,1
184,1,4,1,3,3,0,2,1,7,6,4,1,2,1,8,1,0
184,1,4,1,3,4,2,0,1,6,7,4,1,1,1,9,13,0
184,1,4,1,3,5,0,2,1,7,6,4,2,3,1,9,1,0
184,1,4,1,3,6,2,0,1,6,7,4,2,0,0,0,1,0
185,1,4,1,4,1,1,2,0,7,6,1,1,2,5,9,15,1
185,1,4,1,4,2,2,1,0,6,7,2,1,2,1,9,1,1
185,1,4,1,4,3,1,2,0,7,6,4,2,0,0,0,13,0
187,1,4,1,6,1,3,2,1,6,7,1,1,2,5,5,15,1
187,1,4,1,6,2,2,3,1,7,6,2,1,2,2,7,10,1
187,1,4,1,6,3,3,2,1,6,7,4,1,2,1,7,1,0
187,1,4,1,6,4,2,3,1,7,6,4,1,2,1,9,13,0
187,1,4,1,6,5,3,2,1,6,7,4,2,2,1,9,1,0
187,1,4,1,6,6,2,3,1,7,6,4,2,2,1,0,2,0
188,1,4,1,7,1,2,4,1,7,6,1,1,3,5,9,15,1
188,1,4,1,7,2,4,2,1,6,7,2,2,1,2,8,10,1
188,1,4,1,7,3,2,4,1,7,6,4,1,2,1,7,1,0
188,1,4,1,7,4,4,2,1,6,7,4,1,2,3,0,13,0
189,1,4,1,8,1,3,4,1,7,6,1,1,2,5,6,15,1
189,1,4,1,8,2,4,3,1,6,7,2,1,2,1,0,1,1
190,1,4,1,9,1,4,4,1,6,7,1,1,2,3,5,15,1
190,1,4,1,9,2,4,4,1,7,6,2,2,1,3,7,10,1
190,1,4,1,9,3,4,4,1,6,7,4,1,3,1,9,1,0
190,1,4,1,9,4,4,4,1,7,6,4,2,2,3,0,13,0
191,1,4,1,10,1,5,4,0,6,7,1,1,2,2,5,15,1
191,1,4,1,10,2,4,5,0,7,6,2,2,2,2,9,10,1
191,1,4,1,10,3,5,4,0,6,7,4,1,3,1,0,1,0
192,1,4,1,11,1,5,5,0,7,6,1,1,3,5,7,15,1
192,1,4,1,11,2,5,5,0,6,7,2,1,2,1,9,1,1
192,1,4,1,11,3,5,5,0,7,6,4,2,2,1,0,13,0
193,1,4,1,12,1,5,6,1,7,6,1,1,2,5,6,15,1
193,1,4,1,12,2,6,5,1,6,7,2,1,2,3,4,11,1
193,1,4,1,12,3,5,6,1,7,6,4,1,3,1,9,1,0
193,1,4,1,12,4,6,5,1,6,7,4,2,0,0,0,13,0
194,1,4,1,13,1,6,6,0,6,7,1,1,2,2,4,15,1
194,1,4,1,13,2,6,6,0,7,6,2,1,2,3,5,11,1
194,1,4,1,13,3,6,6,0,6,7,4,1,2,2,9,10,0
194,1,4,1,13,4,6,6,0,7,6,4,2,2,1,9,1,0
194,1,4,1,13,5,6,6,0,6,7,4,2,2,3,9,13,0
194,1,4,1,13,6,6,6,0,7,6,4,2,2,3,9,13,0
194,1,4,1,13,7,6,6,0,6,7,4,2,2,1,0,1,0
195,1,4,1,14,1,6,7,1,6,7,1,1,2,3,8,15,1
195,1,4,1,14,2,7,6,1,7,6,2,2,2,1,9,4,1
195,1,4,1,14,3,6,7,1,6,7,4,2,2,1,8,13,0
195,1,4,1,14,4,7,6,1,7,6,4,1,2,1,0,1,0
196,1,4,1,15,1,7,7,0,7,6,1,1,2,5,5,15,1
196,1,4,1,15,2,7,7,0,6,7,2,1,2,3,4,11,1
196,1,4,1,15,3,7,7,0,7,6,4,1,2,1,0,1,0
197,1,4,1,16,1,7,8,1,7,6,1,1,2,5,6,15,1
197,1,4,1,16,2,8,7,1,6,7,2,2,2,1,0,4,1
198,1,4,1,17,1,8,8,1,6,7,1,1,3,5,8,15,1
198,1,4,1,17,2,8,8,1,7,6,2,2,2,1,0,1,1
199,1,4,1,18,1,9,8,1,6,7,1,1,2,2,6,15,1
199,1,4,1,18,2,8,9,1,7,6,2,2,3,2,7,10,1
199,1,4,1,18,3,9,8,1,6,7,4,1,2,1,9,1,0
199,1,4,1,18,4,8,9,1,7,6,4,2,2,1,9,13,0
199,1,4,1,18,5,9,8,1,6,7,4,2,3,1,7,1,0
199,1,4,1,18,6,8,9,1,7,6,4,1,2,3,0,13,0
200,1,4,1,19,1,8,10,1,7,6,1,1,2,3,5,15,1
200,1,4,1,19,2,10,8,1,6,7,2,2,2,1,8,1,1
200,1,4,1,19,3,8,10,1,7,6,4,2,2,1,9,13,0
200,1,4,1,19,4,10,8,1,6,7,4,2,2,1,9,1,0
200,1,4,1,19,5,8,10,1,7,6,4,2,3,1,9,13,0
200,1,4,1,19,6,10,8,1,6,7,4,2,2,3,0,13,0
201,1,4,1,20,1,9,10,0,7,6,1,1,2,5,5,15,1
201,1,4,1,20,2,10,9,0,6,7,2,1,2,2,9,10,1
201,1,4,1,20,3,9,10,0,7,6,4,2,2,2,0,10,0
202,1,4,2,1,1,0,0,1,7,6,1,1,2,3,6,15,1
202,1,4,2,1,2,0,0,1,6,7,2,2,1,3,5,11,1
202,1,4,2,1,3,0,0,1,7,6,4,1,3,1,9,1,0
202,1,4,2,1,4,0,0,1,6,7,4,2,0,0,0,0,0
203,1,4,2,2,1,1,0,1,7,6,1,1,3,5,9,15,1
203,1,4,2,2,2,0,1,1,6,7,2,2,1,2,8,10,1
203,1,4,2,2,3,1,0,1,7,6,4,1,3,1,7,1,0
203,1,4,2,2,4,0,1,1,6,7,4,1,2,1,9,13,0
203,1,4,2,2,5,1,0,1,7,6,4,2,2,1,8,13,0
203,1,4,2,2,6,0,1,1,6,7,4,2,0,0,0,0,0
204,1,4,2,3,1,0,2,1,6,7,1,1,2,5,5,15,1
204,1,4,2,3,2,2,0,1,7,6,2,1,2,2,4,10,1
204,1,4,2,3,3,0,2,1,6,7,4,1,2,1,9,1,0
204,1,4,2,3,4,2,0,1,7,6,4,2,0,0,0,13,0
205,1,4,2,4,1,1,2,0,6,7,1,1,2,5,6,15,1
205,1,4,2,4,2,2,1,0,7,6,2,2,2,2,9,10,1
205,1,4,2,4,3,1,2,0,6,7,4,2,1,1,0,1,0
205,1,4,2,4,4,2,1,0,7,6,4,2,2,1,9,13,0
205,1,4,2,4,5,1,2,0,6,7,4,2,1,3,9,14,0
205,1,4,2,4,6,2,1,0,7,6,4,1,2,1,9,3,0
205,1,4,2,4,7,1,2,0,6,7,4,1,2,1,8,13,0
205,1,4,2,4,8,2,1,0,7,6,4,1,2,1,8,1,0
205,1,4,2,4,9,1,2,0,6,7,4,1,2,1,0,1,0
206,1,4,2,5,1,3,1,1,7,6,1,1,2,3,6,15,1
206,1,4,2,5,2,1,3,1,6,7,2,2,2,1,0,1,1
207,1,4,2,6,1,4,1,1,7,6,1,1,2,3,4,15,1
207,1,4,2,6,2,1,4,1,6,7,2,2,2,4,7,4,1
207,1,4,2,6,3,4,1,1,7,6,4,1,2,1,8,5,0
207,1,4,2,6,4,1,4,1,6,7,4,1,2,1,6,13,0
207,1,4,2,6,5,4,1,1,7,6,4,2,2,1,0,1,0
207,1,4,2,6,6,1,4,1,6,7,4,1,0,0,0,0,0
208,1,4,2,7,1,1,5,1,6,7,1,1,2,5,6,17,1
208,1,4,2,7,2,5,1,1,7,6,2,2,2,2,6,10,1
208,1,4,2,7,3,1,5,1,6,7,4,2,2,1,9,1,0
208,1,4,2,7,4,5,1,1,7,6,4,2,2,1,9,13,0
208,1,4,2,7,5,1,5,1,6,7,4,2,2,1,9,1,0
208,1,4,2,7,6,5,1,1,7,6,4,2,2,1,0,13,0
209,1,4,2,8,1,2,5,1,6,7,1,1,2,3,4,16,2
209,1,4,2,8,2,5,2,1,7,6,2,1,2,1,0,1,1
210,1,4,2,9,1,5,3,0,7,6,1,1,3,5,8,15,1
210,1,4,2,9,2,3,5,0,6,7,2,2,2,1,8,1,1
210,1,4,2,9,3,5,3,0,7,6,4,1,2,1,0,2,0
211,1,4,2,10,1,5,4,1,7,6,1,1,2,5,4,16,1
211,1,4,2,10,2,4,5,1,6,7,2,2,2,1,0,4,1
212,1,4,2,11,1,4,6,0,6,7,1,1,2,2,5,15,1
212,1,4,2,11,2,6,4,0,7,6,2,2,2,2,9,10,1
212,1,4,2,11,3,4,6,0,6,7,4,2,2,1,9,1,0
212,1,4,2,11,4,6,4,0,7,6,4,2,3,1,9,13,0
212,1,4,2,11,5,4,6,0,6,7,4,1,2,1,9,1,0
212,1,4,2,11,6,6,4,0,7,6,4,2,2,1,9,13,0
212,1,4,2,11,7,4,6,0,6,7,4,2,2,1,9,1,0
212,1,4,2,11,8,6,4,0,7,6,4,2,3,1,9,13,0
212,1,4,2,11,9,4,6,0,6,7,4,2,0,0,0,1,0
213,1,4,2,12,1,4,7,1,6,7,1,1,2,5,6,15,1
213,1,4,2,12,2,7,4,1,7,6,2,2,2,1,0,7,1
214,1,4,2,13,1,7,5,1,7,6,1,1,3,5,8,15,1
214,1,4,2,13,2,5,7,1,6,7,2,1,1,3,6,10,1
214,1,4,2,13,3,7,5,1,7,6,4,2,1,3,8,10,0
214,1,4,2,13,4,5,7,1,6,7,4,1,3,1,0,1,0
215,1,4,2,14,1,8,5,0,7,6,1,1,2,5,8,15,1
215,1,4,2,14,2,5,8,0,6,7,2,2,2,1,8,1,1
215,1,4,2,14,3,8,5,0,7,6,4,1,2,3,8,13,0
215,1,4,2,14,4,5,8,0,6,7,4,1,3,1,9,1,0
215,1,4,2,14,5,8,5,0,7,6,4,2,2,3,0,13,0
216,1,4,2,15,1,6,8,1,6,7,1,1,2,5,5,15,1
216,1,4,2,15,2,8,6,1,7,6,2,2,2,1,0,4,1
217,1,4,2,16,1,7,8,1,6,7,1,1,2,2,6,15,1
217,1,4,2,16,2,8,7,1,7,6,2,2,2,3,4,11,1
217,1,4,2,16,3,7,8,1,6,7,4,1,2,1,7,1,0
217,1,4,2,16,4,8,7,1,7,6,4,1,2,1,8,13,0
217,1,4,2,16,5,7,8,1,6,7,4,1,1,3,9,13,0
217,1,4,2,16,6,8,7,1,7,6,4,2,3,1,0,1,0
218,1,4,2,17,1,8,8,0,7,6,1,1,2,5,7,16,1
218,1,4,2,17,2,8,8,0,6,7,2,1,3,1,7,1,1
218,1,4,2,17,3,8,8,0,7,6,4,1,0,0,0,0,0
219,1,4,2,18,1,8,9,1,7,6,1,1,3,5,9,15,1
219,1,4,2,18,2,9,8,1,6,7,2,2,1,2,5,10,1
219,1,4,2,18,3,8,9,1,7,6,4,1,2,3,4,11,0
219,1,4,2,18,4,9,8,1,6,7,4,1,1,3,0,11,0
220,1,4,2,19,1,9,9,1,6,7,1,1,2,3,5,15,1
220,1,4,2,19,2,9,9,1,7,6,2,1,1,1,4,7,1
220,1,4,2,19,3,9,9,1,6,7,4,1,3,1,8,1,0
220,1,4,2,19,4,9,9,1,7,6,4,1,0,0,0,13,0
221,1,4,2,20,1,10,9,0,6,7,1,1,2,2,6,15,1
221,1,4,2,20,2,9,10,0,7,6,2,2,2,2,9,10,1
221,1,4,2,20,3,10,9,0,6,7,4,2,3,1,9,1,0
221,1,4,2,20,4,9,10,0,7,6,4,2,2,1,9,13,0
221,1,4,2,20,5,10,9,0,6,7,4,2,1,1,8,1,0
221,1,4,2,20,6,9,10,0,7,6,4,1,3,1,9,1,0
221,1,4,2,20,7,10,9,0,6,7,4,2,2,1,9,13,0
221,1,4,2,20,8,9,10,0,7,6,4,2,2,3,9,13,0
221,1,4,2,20,9,10,9,0,6,7,4,2,3,1,0,1,0
222,1,4,2,21,1,10,10,1,7,6,1,1,2,3,5,15,1
222,1,4,2,21,2,10,10,1,6,7,2,2,1,3,5,11,1
222,1,4,2,21,3,10,10,1,7,6,4,1,3,1,7,1,0
222,1,4,2,21,4,10,10,1,6,7,4,1,0,0,0,0,0
223,1,4,2,22,1,10,11,1,6,7,1,1,2,2,5,15,1
223,1,4,2,22,2,11,10,1,7,6,2,2,2,3,6,11,1
223,1,4,2,22,3,10,11,1,6,7,4,1,3,1,9,1,0
223,1,4,2,22,4,11,10,1,7,6,4,2,0,0,0,13,0
224,1,4,2,23,1,11,11,0,7,6,1,1,3,5,9,15,1
224,1,4,2,23,2,11,11,0,6,7,2,2,3,1,9,1,1
224,1,4,2,23,3,11,11,0,7,6,4,2,2,1,0,13,0
225,1,4,2,24,1,12,11,1,6,7,1,2,2,3,4,16,1
225,1,4,2,24,2,11,12,1,7,6,2,2,2,1,0,7,1
226,1,4,3,2,1,1,0,1,6,7,1,1,2,3,6,15,1
226,1,4,3,2,2,0,1,1,7,6,2,2,2,3,5,11,1
226,1,4,3,2,3,1,0,1,6,7,4,1,3,1,7,1,0
226,1,4,3,2,4,0,1,1,7,6,4,1,0,0,0,13,0
227,1,4,3,3,1,0,2,1,7,6,1,1,2,5,4,15,1
227,1,4,3,3,2,2,0,1,6,7,2,2,3,1,0,4,1
228,1,4,3,4,1,1,2,0,7,6,1,1,2,5,5,15,1
228,1,4,3,4,2,2,1,0,6,7,2,1,2,3,5,11,1
228,1,4,3,4,3,1,2,0,7,6,4,2,2,3,0,11,0
229,1,4,3,5,1,3,1,1,6,7,1,1,2,5,8,17,1
229,1,4,3,5,2,1,3,1,7,6,2,2,2,2,0,10,1
230,1,4,3,6,1,4,1,1,6,7,1,1,2,5,5,15,1
230,1,4,3,6,2,1,4,1,7,6,2,1,2,2,4,11,1
230,1,4,3,6,3,4,1,1,6,7,4,1,2,1,8,1,0
230,1,4,3,6,4,1,4,1,7,6,4,1,3,1,7,2,0
230,1,4,3,6,5,4,1,1,6,7,4,1,3,1,8,5,0
230,1,4,3,6,6,1,4,1,7,6,4,2,2,1,0,13,0
231,1,4,3,7,1,1,5,1,7,6,1,1,3,5,9,15,1
231,1,4,3,7,2,5,1,1,6,7,2,2,2,1,0,1,1
232,1,4,3,8,1,2,5,0,7,6,1,1,2,4,6,15,1
232,1,4,3,8,2,5,2,0,6,7,2,2,3,1,9,4,1
232,1,4,3,8,3,2,5,0,7,6,4,2,2,1,0,13,0
233,1,4,3,9,1,6,2,1,6,7,1,1,2,2,8,15,1
233,1,4,3,9,2,2,6,1,7,6,2,2,1,3,0,10,1
234,1,4,3,10,1,7,2,0,6,7,1,1,3,4,9,17,1
234,1,4,3,10,2,2,7,0,7,6,2,2,1,3,8,10,1
234,1,4,3,10,3,7,2,0,6,7,4,1,3,1,7,1,0
234,1,4,3,10,4,2,7,0,7,6,4,1,3,1,7,13,0
234,1,4,3,10,5,7,2,0,6,7,4,0,0,0,0,0,0
235,1,4,3,11,1,3,7,0,7,6,1,1,2,5,8,15,1
235,1,4,3,11,2,7,3,0,6,7,2,2,2,1,7,4,1
235,1,4,3,11,3,3,7,0,7,6,4,1,2,1,0,1,0
236,1,4,3,12,1,3,8,0,7,6,1,1,2,3,6,15,1
236,1,4,3,12,2,8,3,0,6,7,2,1,2,3,9,10,1
236,1,4,3,12,3,3,8,0,7,6,4,2,2,1,0,1,0
237,1,4,3,13,1,9,3,0,6,7,1,1,2,2,5,15,1
237,1,4,3,13,2,3,9,0,7,6,2,1,2,1,5,11,1
237,1,4,3,13,3,9,3,0,6,7,4,1,3,1,0,1,0
238,1,4,3,14,1,9,4,1,6,7,1,1,2,3,5,15,1
238,1,4,3,14,2,4,9,1,7,6,2,1,2,3,9,7,1
238,1,4,3,14,3,9,4,1,6,7,4,2,2,1,9,1,0
238,1,4,3,14,4,4,9,1,7,6,4,2,2,3,0,13,0
239,1,4,3,15,1,4,10,1,7,6,1,1,3,5,9,15,1
239,1,4,3,15,2,10,4,1,6,7,2,1,2,1,0,1,1
240,1,4,3,16,1,5,10,0,7,6,1,1,2,5,9,15,1
240,1,4,3,16,2,10,5,0,6,7,2,2,2,1,9,1,1
240,1,4,3,16,3,5,10,0,7,6,4,2,2,3,0,13,0
241,2,5,1,1,1,0,0,1,8,9,1,1,2,5,2,15,1
241,2,5,1,1,2,0,0,1,9,8,2,1,3,1,0,7,1
242,2,5,1,2,1,1,0,0,8,9,1,1,2,2,5,16,1
242,2,5,1,2,2,0,1,0,9,8,2,1,2,2,6,10,1
242,2,5,1,2,3,1,0,0,8,9,4,1,2,1,9,1,0
242,2,5,1,2,4,0,1,0,9,8,4,2,2,3,9,6,0
242,2,5,1,2,5,1,0,0,8,9,4,2,2,3,5,6,0
242,2,5,1,2,6,0,1,0,9,8,4,1,2,1,6,2,0
242,2,5,1,2,7,1,0,0,8,9,4,0,0,0,0,0,0
243,2,5,1,3,1,1,1,1,9,8,1,1,2,5,1,15,1
243,2,5,1,3,2,1,1,1,8,9,2,2,2,1,0,4,1
244,2,5,1,4,1,2,1,0,9,8,1,1,2,2,1,15,1
244,2,5,1,4,2,1,2,0,8,9,2,1,2,2,4,10,1
244,2,5,1,4,3,2,1,0,9,8,4,1,2,3,2,1,0
244,2,5,1,4,4,1,2,0,8,9,4,1,2,1,5,1,0
244,2,5,1,4,5,2,1,0,9,8,4,2,2,3,5,13,0
244,2,5,1,4,6,1,2,0,8,9,4,1,3,1,7,5,0
244,2,5,1,4,7,2,1,0,9,8,4,0,0,0,0,0,0
245,2,5,1,5,1,2,2,0,8,9,1,1,2,2,5,15,1
245,2,5,1,5,2,2,2,0,9,8,2,1,2,3,2,11,1
245,2,5,1,5,3,2,2,0,8,9,4,2,2,1,0,7,0
246,2,5,1,6,1,2,3,1,8,9,1,1,2,2,5,15,1
246,2,5,1,6,2,3,2,1,9,8,2,1,2,2,2,10,1
246,2,5,1,6,3,2,3,1,8,9,4,2,2,1,8,7,0
246,2,5,1,6,4,3,2,1,9,8,4,2,2,3,8,6,0
246,2,5,1,6,5,2,3,1,8,9,4,2,2,1,7,2,0
246,2,5,1,6,6,3,2,1,9,8,4,1,2,1,0,2,0
247,2,5,1,7,1,3,3,0,9,8,1,1,3,5,5,15,1
247,2,5,1,7,2,3,3,0,8,9,2,2,3,3,9,6,1
247,2,5,1,7,3,3,3,0,9,8,4,2,2,3,5,6,0
247,2,5,1,7,4,3,3,0,8,9,4,2,2,1,5,2,0
247,2,5,1,7,5,3,3,0,9,8,4,2,3,1,7,2,0
247,2,5,1,7,6,3,3,0,8,9,4,1,3,1,4,2,0
247,2,5,1,7,7,3,3,0,9,8,4,1,2,3,0,13,0
248,2,5,1,8,1,3,4,0,9,8,1,1,2,5,1,15,1
248,2,5,1,8,2,4,3,0,8,9,2,1,2,5,9,10,1
248,2,5,1,8,3,3,4,0,9,8,4,2,2,1,0,1,0
249,2,5,1,9,1,5,3,0,8,9,1,1,2,2,5,15,1
249,2,5,1,9,2,3,5,0,9,8,2,1,2,2,5,10,1
249,2,5,1,9,3,5,3,0,8,9,4,2,2,1,0,1,0
250,2,5,1,10,1,5,4,0,8,9,1,1,2,5,9,17,1
250,2,5,1,10,2,4,5,0,9,8,2,2,2,3,5,6,1
250,2,5,1,10,3,5,4,0,8,9,4,2,3,1,5,2,0
250,2,5,1,10,4,4,5,0,9,8,4,2,2,1,5,2,0
250,2,5,1,10,5,5,4,0,8,9,4,1,3,1,0,2,0
251,2,5,1,11,1,5,5,1,9,8,1,1,1,5,2,15,1
251,2,5,1,11,2,5,5,1,8,9,2,2,2,1,8,4,1
251,2,5,1,11,3,5,5,1,9,8,4,2,2,3,9,6,0
251,2,5,1,11,4,5,5,1,8,9,4,2,1,1,5,2,0
251,2,5,1,11,5,5,5,1,9,8,4,2,2,1,5,2,0
251,2,5,1,11,6,5,5,1,8,9,4,2,2,1,8,2,0
251,2,5,1,11,7,5,5,1,9,8,4,2,2,3,5,6,0
251,2,5,1,11,8,5,5,1,8,9,4,2,3,1,0,2,0
252,2,5,1,12,1,6,5,0,9,8,1,1,2,5,5,15,1
252,2,5,1,12,2,5,6,0,8,9,2,2,2,3,6,10,2
252,2,5,1,12,3,6,5,0,9,8,4,1,1,1,8,1,0
252,2,5,1,12,4,5,6,0,8,9,4,2,2,3,5,13,0
252,2,5,1,12,5,6,5,0,9,8,4,1,3,1,7,1,0
252,2,5,1,12,6,5,6,0,8,9,4,1,2,3,5,13,0
252,2,5,1,12,7,6,5,0,9,8,4,1,2,1,6,2,0
252,2,5,1,12,8,5,6,0,8,9,4,2,3,1,7,2,0
252,2,5,1,12,9,6,5,0,9,8,4,1,2,3,0,13,0
253,2,5,1,13,1,6,6,1,8,9,1,1,2,2,5,16,1
253,2,5,1,13,2,6,6,1,9,8,2,1,2,2,6,10,1
253,2,5,1,13,3,6,6,1,8,9,4,2,2,1,5,1,0
253,2,5,1,13,4,6,6,1,9,8,4,2,2,3,0,6,0
254,2,5,1,14,1,7,6,1,8,9,1,1,2,5,5,16,1
254,2,5,1,14,2,6,7,1,9,8,2,1,2,2,2,10,1
254,2,5,1,14,3,7,6,1,8,9,4,2,2,1,8,4,0
254,2,5,1,14,4,6,7,1,9,8,4,2,2,3,8,6,0
254,2,5,1,14,5,7,6,1,8,9,4,2,2,3,0,6,0
254,2,5,1,14,6,6,7,1,9,8,4,0,0,0,0,0,0
255,2,5,1,15,1,6,8,0,9,8,1,1,2,5,2,16,1
255,2,5,1,15,2,8,6,0,8,9,2,2,2,1,9,1,1
255,2,5,1,15,3,6,8,0,9,8,4,1,2,1,5,2,0
255,2,5,1,15,4,8,6,0,8,9,4,2,3,1,7,2,0
255,2,5,1,15,5,6,8,0,9,8,4,1,2,3,7,13,0
255,2,5,1,15,6,8,6,0,8,9,4,1,3,3,5,3,0
255,2,5,1,15,7,6,8,0,9,8,4,2,2,3,0,13,0
256,2,5,1,16,1,6,9,1,9,8,1,1,2,5,2,15,1
256,2,5,1,16,2,9,6,1,8,9,2,1,2,2,8,10,1
256,2,5,1,16,3,6,9,1,9,8,4,2,2,1,5,1,0
256,2,5,1,16,4,9,6,1,8,9,4,1,2,1,9,2,0
256,2,5,1,16,5,6,9,1,9,8,4,2,2,3,5,13,0
256,2,5,1,16,6,9,6,1,8,9,4,1,3,1,0,1,0
257,2,5,1,17,1,9,7,1,8,9,1,1,2,5,5,16,1
257,2,5,1,17,2,7,9,1,9,8,2,1,2,2,1,10,1
257,2,5,1,17,3,9,7,1,8,9,4,1,2,3,5,10,0
257,2,5,1,17,4,7,9,1,9,8,4,1,3,1,0,5,0
258,2,5,1,18,1,10,7,1,8,9,1,1,2,2,5,16,1
258,2,5,1,18,2,7,10,1,9,8,2,1,2,3,9,10,1
258,2,5,1,18,3,10,7,1,8,9,4,2,2,1,8,1,0
258,2,5,1,18,4,7,10,1,9,8,4,2,3,1,9,2,0
258,2,5,1,18,5,10,7,1,8,9,4,2,3,1,8,2,0
258,2,5,1,18,6,7,10,1,9,8,4,2,3,3,9,13,0
258,2,5,1,18,7,10,7,1,8,9,4,1,3,1,9,5,0
258,2,5,1,18,8,7,10,1,9,8,4,2,2,3,0,13,0
259,2,5,2,1,1,0,0,0,9,8,1,1,2,5,5,15,1
259,2,5,2,1,2,0,0,0,8,9,2,1,2,2,6,10,1
259,2,5,2,1,3,0,0,0,9,8,4,2,2,1,9,1,0
259,2,5,2,1,4,0,0,0,8,9,4,2,2,3,5,6,0
259,2,5,2,1,5,0,0,0,9,8,4,2,2,1,9,2,0
259,2,5,2,1,6,0,0,0,8,9,4,2,2,1,9,2,0
259,2,5,2,1,7,0,0,0,9,8,4,2,2,3,5,13,0
259,2,5,2,1,8,0,0,0,8,9,4,2,3,1,9,5,0
259,2,5,2,1,9,0,0,0,9,8,4,0,0,0,0,0,0
260,2,5,2,2,1,0,1,1,9,8,1,1,1,5,5,15,1
260,2,5,2,2,2,1,0,1,8,9,2,2,2,3,0,6,1
261,2,5,2,3,1,1,1,0,8,9,1,1,2,2,2,15,1
261,2,5,2,3,2,1,1,0,9,8,2,1,2,3,2,11,1
261,2,5,2,3,3,1,1,0,8,9,4,1,2,1,0,1,0
262,2,5,2,4,1,1,2,1,8,9,1,1,2,5,4,15,1
262,2,5,2,4,2,2,1,1,9,8,2,1,2,2,5,10,1
262,2,5,2,4,3,1,2,1,8,9,4,2,2,2,5,10,0
262,2,5,2,4,4,2,1,1,9,8,4,2,3,1,8,2,0
262,2,5,2,4,5,1,2,1,8,9,4,2,2,3,8,6,0
262,2,5,2,4,6,2,1,1,9,8,4,2,2,1,7,2,0
262,2,5,2,4,7,1,2,1,8,9,4,1,2,1,4,2,0
262,2,5,2,4,8,2,1,1,9,8,4,1,2,3,0,13,0
263,2,5,2,5,1,2,2,0,9,8,1,1,1,5,5,15,1
263,2,5,2,5,2,2,2,0,8,9,2,2,3,1,5,7,1
263,2,5,2,5,3,2,2,0,9,8,4,2,2,3,5,6,0
263,2,5,2,5,4,2,2,0,8,9,4,2,3,3,5,6,0
263,2,5,2,5,5,2,2,0,9,8,4,2,2,3,0,13,0
264,2,5,2,6,1,2,3,0,9,8,1,1,2,5,5,15,1
264,2,5,2,6,2,3,2,0,8,9,2,1,2,2,4,10,1
264,2,5,2,6,3,2,3,0,9,8,4,1,2,2,5,10,0
264,2,5,2,6,4,3,2,0,8,9,4,1,2,2,5,10,0
264,2,5,2,6,5,2,3,0,9,8,4,2,2,1,0,1,0
265,2,5,2,7,1,4,2,1,8,9,1,1,2,2,5,16,1
265,2,5,2,7,2,2,4,1,9,8,2,1,2,2,9,10,1
265,2,5,2,7,3,4,2,1,8,9,4,2,2,1,8,1,0
265,2,5,2,7,4,2,4,1,9,8,4,2,2,3,0,13,0
266,2,5,2,8,1,5,2,0,8,9,1,1,2,2,2,16,1
266,2,5,2,8,2,2,5,0,9,8,2,1,2,3,5,10,1
266,2,5,2,8,3,5,2,0,8,9,4,1,2,1,0,1,0
267,2,5,2,9,1,3,5,1,9,8,1,1,2,5,5,15,1
267,2,5,2,9,2,5,3,1,8,9,2,1,2,2,0,10,1
268,2,5,2,10,1,4,5,1,9,8,1,1,1,5,5,15,1
268,2,5,2,10,2,5,4,1,8,9,2,2,2,2,2,10,1
268,2,5,2,10,3,4,5,1,9,8,4,2,2,2,9,10,0
268,2,5,2,10,4,5,4,1,8,9,4,2,2,1,5,1,0
268,2,5,2,10,5,4,5,1,9,8,4,2,2,3,9,6,0
268,2,5,2,10,6,5,4,1,8,9,4,2,2,1,0,2,0
269,2,5,2,11,1,5,5,1,8,9,1,1,2,5,1,17,1
269,2,5,2,11,2,5,5,1,9,8,2,1,2,2,6,10,1
269,2,5,2,11,3,5,5,1,8,9,4,2,3,1,8,1,0
269,2,5,2,11,4,5,5,1,9,8,4,2,2,3,0,13,0
270,2,5,2,12,1,6,5,1,8,9,1,1,2,4,5,17,1
270,2,5,2,12,2,5,6,1,9,8,2,2,2,3,5,6,1
270,2,5,2,12,3,6,5,1,8,9,4,2,2,3,5,6,0
270,2,5,2,12,4,5,6,1,9,8,4,2,2,3,0,6,0
271,2,5,2,13,1,5,7,1,9,8,1,1,2,2,2,15,1
271,2,5,2,13,2,7,5,1,8,9,2,2,2,1,5,7,1
271,2,5,2,13,3,5,7,1,9,8,4,2,3,3,9,6,0
271,2,5,2,13,4,7,5,1,8,9,4,2,2,1,0,2,0
272,2,5,2,14,1,6,7,1,9,8,1,1,2,5,2,15,1
272,2,5,2,14,2,7,6,1,8,9,2,2,2,2,2,10,1
272,2,5,2,14,3,6,7,1,9,8,4,2,2,2,2,10,0
272,2,5,2,14,4,7,6,1,8,9,4,2,3,1,4,7,0
272,2,5,2,14,5,6,7,1,9,8,4,1,3,3,9,13,0
272,2,5,2,14,6,7,6,1,8,9,4,2,3,1,0,5,0
273,2,5,2,15,1,7,7,1,8,9,1,1,2,2,2,16,1
273,2,5,2,15,2,7,7,1,9,8,2,2,2,2,9,10,1
273,2,5,2,15,3,7,7,1,8,9,4,2,2,1,5,1,0
273,2,5,2,15,4,7,7,1,9,8,4,2,2,3,5,13,0
273,2,5,2,15,5,7,7,1,8,9,4,2,3,1,5,5,0
273,2,5,2,15,6,7,7,1,9,8,4,2,3,1,9,2,0
273,2,5,2,15,7,7,7,1,8,9,4,1,2,1,5,2,0
273,2,5,2,15,8,7,7,1,9,8,4,2,2,3,9,6,0
273,2,5,2,15,9,7,7,1,8,9,4,1,3,1,9,2,0
273,2,5,2,15,10,7,7,1,9,8,4,2,2,3,5,13,0
273,2,5,2,15,11,7,7,1,8,9,4,1,3,1,5,1,0
273,2,5,2,15,12,7,7,1,9,8,4,1,2,3,0,13,0
274,2,5,2,17,1,8,8,0,9,8,1,1,2,2,6,16,1
274,2,5,2,17,2,8,8,0,8,9,2,2,2,2,2,10,1
274,2,5,2,17,3,8,8,0,9,8,4,1,2,2,0,10,0
275,2,5,2,18,1,8,9,1,9,8,1,1,2,5,5,15,1
275,2,5,2,18,2,9,8,1,8,9,2,2,3,1,5,4,1
275,2,5,2,18,3,8,9,1,9,8,4,2,2,1,8,2,0
275,2,5,2,18,4,9,8,1,8,9,4,2,2,3,0,13,0
276,2,5,2,19,1,9,9,1,8,9,1,1,2,2,1,15,1
276,2,5,2,19,2,9,9,1,9,8,2,1,2,2,2,10,1
276,2,5,2,19,3,9,9,1,8,9,4,2,2,2,5,10,0
276,2,5,2,19,4,9,9,1,9,8,4,1,2,1,8,1,0
276,2,5,2,19,5,9,9,1,8,9,4,1,2,3,9,13,0
276,2,5,2,19,6,9,9,1,9,8,4,2,2,3,9,6,0
276,2,5,2,19,7,9,9,1,8,9,4,2,1,1,5,2,0
276,2,5,2,19,8,9,9,1,9,8,4,2,3,1,0,2,0
277,2,5,2,20,1,10,9,0,8,9,1,1,2,2,2,15,1
277,2,5,2,20,2,9,10,0,9,8,2,1,2,2,5,10,1
277,2,5,2,20,3,10,9,0,8,9,4,2,2,1,5,7,0
277,2,5,2,20,4,9,10,0,9,8,4,2,2,3,9,6,0
277,2,5,2,20,5,10,9,0,8,9,4,2,2,1,0,2,0
278,2,5,2,21,1,10,10,1,9,8,1,1,2,5,5,15,1
278,2,5,2,21,2,10,10,1,8,9,2,1,2,2,2,10,1
278,2,5,2,21,3,10,10,1,9,8,4,1,2,2,9,10,0
278,2,5,2,21,4,10,10,1,8,9,4,1,2,1,8,1,0
278,2,5,2,21,5,10,10,1,9,8,4,2,2,3,5,13,0
278,2,5,2,21,6,10,10,1,8,9,4,1,3,1,0,1,0
279,2,5,2,22,1,10,11,1,8,9,1,1,2,5,8,15,1
279,2,5,2,22,2,11,10,1,9,8,2,2,3,3,5,6,1
279,2,5,2,22,3,10,11,1,8,9,4,2,3,3,8,6,0
279,2,5,2,22,4,11,10,1,9,8,4,2,2,3,5,6,0
279,2,5,2,22,5,10,11,1,8,9,4,2,2,3,8,6,0
279,2,5,2,22,6,11,10,1,9,8,4,2,3,3,0,6,0
280,2,5,2,23,1,11,11,0,9,8,1,1,2,5,5,15,1
280,2,5,2,23,2,11,11,0,8,9,2,1,3,1,7,1,1
280,2,5,2,23,3,11,11,0,9,8,4,1,3,3,4,13,0
280,2,5,2,23,4,11,11,0,8,9,4,1,3,1,9,1,0
280,2,5,2,23,5,11,11,0,9,8,4,2,2,3,0,13,0
281,2,5,2,24,1,12,11,0,8,9,1,1,3,5,9,15,1
281,2,5,2,24,2,11,12,0,9,8,2,2,3,3,9,6,1
281,2,5,2,24,3,12,11,0,8,9,4,1,3,1,7,2,0
281,2,5,2,24,4,11,12,0,9,8,4,1,2,3,7,13,0
281,2,5,2,24,5,12,11,0,8,9,4,1,2,1,5,1,0
281,2,5,2,24,6,11,12,0,9,8,4,2,2,3,8,13,0
281,2,5,2,24,7,12,11,0,8,9,4,2,3,1,8,1,0
281,2,5,2,24,8,11,12,0,9,8,4,1,3,1,8,2,0
281,2,5,2,24,9,12,11,0,8,9,4,1,3,1,5,2,0
281,2,5,2,24,10,11,12,0,9,8,4,2,2,3,5,13,0
281,2,5,2,24,11,12,11,0,8,9,4,2,2,1,5,1,0
281,2,5,2,24,12,11,12,0,9,8,4,2,2,1,6,2,0
281,2,5,2,24,13,12,11,0,8,9,4,1,3,1,9,2,0
281,2,5,2,24,14,11,12,0,9,8,4,2,2,3,9,13,0
281,2,5,2,24,15,12,11,0,8,9,4,2,3,1,9,1,0
281,2,5,2,24,16,11,12,0,9,8,4,1,3,1,8,2,0
281,2,5,2,24,17,12,11,0,8,9,4,1,3,1,0,2,0
282,2,5,2,25,1,12,12,1,9,8,1,1,2,5,5,15,1
282,2,5,2,25,2,12,12,1,8,9,2,2,2,1,9,1,1
282,2,5,2,25,3,12,12,1,9,8,4,2,2,3,9,6,0
282,2,5,2,25,4,12,12,1,8,9,4,2,2,3,8,6,0
282,2,5,2,25,5,12,12,1,9,8,4,2,2,1,8,2,0
282,2,5,2,25,6,12,12,1,8,9,4,2,2,3,8,6,0
282,2,5,2,25,7,12,12,1,9,8,4,2,2,3,8,6,0
282,2,5,2,25,8,12,12,1,8,9,4,2,2,1,5,2,0
282,2,5,2,25,9,12,12,1,9,8,4,1,3,1,9,2,0
282,2,5,2,25,10,12,12,1,8,9,4,2,2,3,0,13,0
283,2,5,2,26,1,12,13,0,8,9,1,1,2,2,2,16,1
283,2,5,2,26,2,13,12,0,9,8,2,2,2,2,9,10,1
283,2,5,2,26,3,12,13,0,8,9,4,2,2,1,5,1,0
283,2,5,2,26,4,13,12,0,9,8,4,2,2,3,8,6,0
283,2,5,2,26,5,12,13,0,8,9,4,2,3,1,9,2,0
283,2,5,2,26,6,13,12,0,9,8,4,2,2,3,5,6,0
283,2,5,2,26,7,12,13,0,8,9,4,1,3,1,0,2,0
284,2,5,3,1,1,0,0,0,8,9,1,1,2,5,6,15,1
284,2,5,3,1,2,0,0,0,9,8,2,2,2,1,5,4,1
284,2,5,3,1,3,0,0,0,8,9,4,2,2,1,8,2,0
284,2,5,3,1,4,0,0,0,9,8,4,2,3,1,7,2,0
284,2,5,3,1,5,0,0,0,8,9,4,1,2,3,5,13,0
284,2,5,3,1,6,0,0,0,9,8,4,1,3,1,9,2,0
284,2,5,3,1,7,0,0,0,8,9,4,2,2,3,0,13,0
285,2,5,3,2,1,0,1,0,8,9,1,1,2,2,4,15,1
285,2,5,3,2,2,1,0,0,9,8,2,1,2,2,8,10,1
285,2,5,3,2,3,0,1,0,8,9,4,2,2,1,8,2,0
285,2,5,3,2,4,1,0,0,9,8,4,2,2,3,5,6,0
285,2,5,3,2,5,0,1,0,8,9,4,2,3,1,7,6,0
285,2,5,3,2,6,1,0,0,9,8,4,1,2,1,6,2,0
285,2,5,3,2,7,0,1,0,8,9,4,2,2,1,5,2,0
285,2,5,3,2,8,1,0,0,9,8,4,2,2,3,5,6,0
285,2,5,3,2,9,0,1,0,8,9,4,1,3,1,0,2,0
286,2,5,3,3,1,2,0,0,9,8,1,1,3,5,8,15,1
286,2,5,3,3,2,0,2,0,8,9,2,2,3,3,8,6,1
286,2,5,3,3,3,2,0,0,9,8,4,2,2,3,5,6,0
286,2,5,3,3,4,0,2,0,8,9,4,2,3,1,9,2,0
286,2,5,3,3,5,2,0,0,9,8,4,2,2,1,5,2,0
286,2,5,3,3,6,0,2,0,8,9,4,2,2,1,6,2,0
286,2,5,3,3,7,2,0,0,9,8,4,2,3,1,9,2,0
286,2,5,3,3,8,0,2,0,8,9,4,2,3,1,9,2,0
286,2,5,3,3,9,2,0,0,9,8,4,2,2,1,5,2,0
286,2,5,3,3,10,0,2,0,8,9,4,2,3,1,6,2,0
286,2,5,3,3,11,2,0,0,9,8,4,2,2,1,5,2,0
286,2,5,3,3,12,0,2,0,8,9,4,2,2,1,9,2,0
286,2,5,3,3,13,2,0,0,9,8,4,2,2,1,8,2,0
286,2,5,3,3,14,0,2,0,8,9,4,2,2,1,5,2,0
286,2,5,3,3,15,2,0,0,9,8,4,2,3,1,0,2,0
287,2,5,3,5,1,2,2,0,8,9,1,1,2,5,6,15,1
287,2,5,3,5,2,2,2,0,9,8,2,2,2,1,5,1,1
287,2,5,3,5,3,2,2,0,8,9,4,2,2,1,8,2,0
287,2,5,3,5,4,2,2,0,9,8,4,2,3,1,4,2,0
287,2,5,3,5,5,2,2,0,8,9,4,1,3,1,9,2,0
287,2,5,3,5,6,2,2,0,9,8,4,2,2,3,8,13,0
287,2,5,3,5,7,2,2,0,8,9,4,1,2,1,9,1,0
287,2,5,3,5,8,2,2,0,9,8,4,2,3,1,6,2,0
287,2,5,3,5,9,2,2,0,8,9,4,1,2,1,9,2,0
287,2,5,3,5,10,2,2,0,9,8,4,1,3,1,7,2,0
287,2,5,3,5,11,2,2,0,8,9,4,1,2,3,0,13,0
288,2,5,3,6,1,2,3,0,8,9,1,1,2,2,5,16,1
288,2,5,3,6,2,3,2,0,9,8,2,1,2,2,2,10,1
288,2,5,3,6,3,2,3,0,8,9,4,2,2,1,0,1,0
289,2,5,3,7,1,4,2,1,9,8,1,1,2,5,2,15,2
289,2,5,3,7,2,2,4,1,8,9,2,2,2,2,9,10,1
289,2,5,3,7,3,4,2,1,9,8,4,2,1,1,5,1,0
289,2,5,3,7,4,2,4,1,8,9,4,0,0,0,0,0,0
290,2,5,3,8,1,5,2,0,9,8,1,1,2,2,2,15,2
290,2,5,3,8,2,2,5,0,8,9,2,1,2,2,2,10,1
290,2,5,3,8,3,5,2,0,9,8,4,2,2,2,8,10,0
290,2,5,3,8,4,2,5,0,8,9,4,2,2,1,8,1,0
290,2,5,3,8,5,5,2,0,9,8,4,2,2,3,8,13,0
290,2,5,3,8,6,2,5,0,8,9,4,1,2,1,8,1,0
290,2,5,3,8,7,5,2,0,9,8,4,2,2,3,6,6,0
290,2,5,3,8,8,2,5,0,8,9,4,2,3,1,9,2,0
290,2,5,3,8,9,5,2,0,9,8,4,2,2,3,9,13,0
290,2,5,3,8,10,2,5,0,8,9,4,2,2,1,8,6,0
290,2,5,3,8,11,5,2,0,9,8,4,2,3,1,5,2,0
290,2,5,3,8,12,2,5,0,8,9,4,1,3,1,9,2,0
290,2,5,3,8,13,5,2,0,9,8,4,0,0,0,0,0,0
291,2,5,3,9,1,3,5,1,8,9,1,1,2,2,4,15,1
291,2,5,3,9,2,5,3,1,9,8,2,1,2,2,2,10,1
291,2,5,3,9,3,3,5,1,8,9,4,1,2,2,2,10,0
291,2,5,3,9,4,5,3,1,9,8,4,2,2,2,2,10,0
291,2,5,3,9,5,3,5,1,8,9,4,1,2,2,5,10,0
291,2,5,3,9,6,5,3,1,9,8,4,2,2,2,2,10,0
291,2,5,3,9,7,3,5,1,8,9,4,1,2,2,5,10,0
291,2,5,3,9,8,5,3,1,9,8,4,2,2,2,6,10,0
291,2,5,3,9,9,3,5,1,8,9,4,2,2,1,8,1,0
291,2,5,3,9,10,5,3,1,9,8,4,2,2,3,5,13,0
291,2,5,3,9,11,3,5,1,8,9,4,2,3,1,9,1,0
291,2,5,3,9,12,5,3,1,9,8,4,0,0,0,0,0,0
292,2,5,3,10,1,4,5,1,8,9,1,1,2,2,5,15,1
292,2,5,3,10,2,5,4,1,9,8,2,1,2,2,2,10,1
292,2,5,3,10,3,4,5,1,8,9,4,1,2,2,5,10,0
292,2,5,3,10,4,5,4,1,9,8,4,2,3,1,7,1,0
292,2,5,3,10,5,4,5,1,8,9,4,1,3,3,8,13,0
292,2,5,3,10,6,5,4,1,9,8,4,2,2,3,5,6,0
292,2,5,3,10,7,4,5,1,8,9,4,2,2,3,2,13,0
292,2,5,3,10,8,5,4,1,9,8,4,1,2,3,5,10,0
292,2,5,3,10,9,4,5,1,8,9,4,2,3,1,7,3,0
292,2,5,3,10,10,5,4,1,9,8,4,0,0,0,0,0,0
293,2,5,3,11,1,5,5,1,9,8,1,1,2,2,2,15,2
293,2,5,3,11,2,5,5,1,8,9,2,2,2,1,9,7,1
293,2,5,3,11,3,5,5,1,9,8,4,2,2,1,2,2,0
293,2,5,3,11,4,5,5,1,8,9,4,2,2,1,5,2,0
293,2,5,3,11,5,5,5,1,9,8,4,2,2,1,5,2,0
293,2,5,3,11,6,5,5,1,8,9,4,2,2,3,5,13,0
293,2,5,3,11,7,5,5,1,9,8,4,1,3,1,7,1,0
293,2,5,3,11,8,5,5,1,8,9,4,1,2,3,0,13,0
294,2,5,3,12,1,6,5,0,9,8,1,1,2,2,2,15,2
294,2,5,3,12,2,5,6,0,8,9,2,1,2,2,2,10,1
294,2,5,3,12,3,6,5,0,9,8,4,1,2,2,5,10,0
294,2,5,3,12,4,5,6,0,8,9,4,2,2,1,8,1,0
294,2,5,3,12,5,6,5,0,9,8,4,2,2,3,0,13,0
295,2,5,3,13,1,6,6,0,8,9,1,1,2,2,5,15,1
295,2,5,3,13,2,6,6,0,9,8,2,1,2,2,5,10,1
295,2,5,3,13,3,6,6,0,8,9,4,1,2,2,5,10,0
295,2,5,3,13,4,6,6,0,9,8,4,1,2,3,2,10,0
295,2,5,3,13,5,6,6,0,8,9,4,1,2,2,5,10,0
295,2,5,3,13,6,6,6,0,9,8,4,1,2,2,2,10,0
295,2,5,3,13,7,6,6,0,8,9,4,1,2,2,0,10,0
296,2,5,3,14,1,6,7,0,8,9,1,1,2,2,5,16,1
296,2,5,3,14,2,7,6,0,9,8,2,1,2,1,5,1,1
296,2,5,3,14,3,6,7,0,8,9,4,2,2,1,5,2,0
296,2,5,3,14,4,7,6,0,9,8,4,2,3,1,9,2,0
296,2,5,3,14,5,6,7,0,8,9,4,2,2,3,0,13,0
297,2,5,3,15,1,8,6,1,9,8,1,1,2,5,4,15,1
297,2,5,3,15,2,6,8,1,8,9,2,1,2,2,9,10,1
297,2,5,3,15,3,8,6,1,9,8,4,2,2,1,5,1,0
297,2,5,3,15,4,6,8,1,8,9,4,2,3,1,0,2,0
298,2,5,3,16,1,9,6,0,9,8,1,1,2,5,1,15,1
298,2,5,3,16,2,6,9,0,8,9,2,1,2,2,2,10,1
298,2,5,3,16,3,9,6,0,9,8,4,2,2,2,2,10,0
298,2,5,3,16,4,6,9,0,8,9,4,2,3,1,8,6,0
298,2,5,3,16,5,9,6,0,9,8,4,2,2,3,5,13,0
298,2,5,3,16,6,6,9,0,8,9,4,2,2,1,5,6,0
298,2,5,3,16,7,9,6,0,9,8,4,2,3,1,7,2,0
298,2,5,3,16,8,6,9,0,8,9,4,1,2,1,9,2,0
298,2,5,3,16,9,9,6,0,9,8,4,2,2,1,5,2,0
298,2,5,3,16,10,6,9,0,8,9,4,2,3,1,8,2,0
298,2,5,3,16,11,9,6,0,9,8,4,2,2,3,0,13,0
299,2,5,3,17,1,7,9,0,8,9,1,1,2,5,4,15,1
299,2,5,3,17,2,9,7,0,9,8,2,1,2,2,2,10,1
299,2,5,3,17,3,7,9,0,8,9,4,1,2,2,8,10,0
299,2,5,3,17,4,9,7,0,9,8,4,2,2,1,8,1,0
299,2,5,3,17,5,7,9,0,8,9,4,2,2,3,0,13,0
300,2,5,3,18,1,7,10,0,8,9,1,1,2,5,2,15,1
300,2,5,3,18,2,10,7,0,9,8,2,2,2,2,2,10,1
300,2,5,3,18,3,7,10,0,8,9,4,2,2,2,5,10,0
300,2,5,3,18,4,10,7,0,9,8,4,2,2,1,8,1,0
300,2,5,3,18,5,7,10,0,8,9,4,2,3,3,7,6,0
300,2,5,3,18,6,10,7,0,9,8,4,1,3,1,4,2,0
300,2,5,3,18,7,7,10,0,8,9,4,0,0,0,0,0,0
301,2,5,4,1,1,0,0,1,9,8,1,1,2,5,4,15,1
301,2,5,4,1,2,0,0,1,8,9,2,1,2,2,6,10,1
301,2,5,4,1,3,0,0,1,9,8,4,2,2,2,5,10,0
301,2,5,4,1,4,0,0,1,8,9,4,1,2,2,2,10,0
301,2,5,4,1,5,0,0,1,9,8,4,1,2,2,2,10,0
301,2,5,4,1,6,0,0,1,8,9,4,1,2,2,5,10,0
301,2,5,4,1,7,0,0,1,9,8,4,2,3,1,6,1,0
301,2,5,4,1,8,0,0,1,8,9,4,2,2,3,0,13,0
302,2,5,4,2,1,1,0,1,9,8,1,1,2,5,5,15,1
302,2,5,4,2,2,0,1,1,8,9,2,1,2,2,5,10,1
302,2,5,4,2,3,1,0,1,9,8,4,2,2,1,6,1,0
302,2,5,4,2,4,0,1,1,8,9,4,2,2,1,5,2,0
302,2,5,4,2,5,1,0,1,9,8,4,2,3,1,0,2,0
302,2,5,4,2,6,0,1,1,8,9,4,0,0,0,0,0,0
303,2,5,4,3,1,0,2,1,8,9,1,1,2,5,2,16,1
303,2,5,4,3,2,2,0,1,9,8,2,1,2,3,9,10,1
303,2,5,4,3,3,0,2,1,8,9,4,2,2,1,5,1,0
303,2,5,4,3,4,2,0,1,9,8,4,2,2,3,8,13,0
303,2,5,4,3,5,0,2,1,8,9,4,2,2,1,8,1,0
303,2,5,4,3,6,2,0,1,9,8,4,2,2,1,6,2,0
303,2,5,4,3,7,0,2,1,8,9,4,2,2,1,5,2,0
303,2,5,4,3,8,2,0,1,9,8,4,2,2,1,5,2,0
303,2,5,4,3,9,0,2,1,8,9,4,2,3,1,9,2,0
303,2,5,4,3,10,2,0,1,9,8,4,2,2,3,0,13,0
304,2,5,4,4,1,1,2,0,8,9,1,1,2,2,2,16,1
304,2,5,4,4,2,2,1,0,9,8,2,1,2,1,8,7,1
304,2,5,4,4,3,1,2,0,8,9,4,2,1,1,5,2,0
304,2,5,4,4,4,2,1,0,9,8,4,2,3,3,7,6,0
304,2,5,4,4,5,1,2,0,8,9,4,1,2,1,0,2,0
305,2,5,4,5,1,3,1,0,9,8,1,1,1,5,5,15,1
305,2,5,4,5,2,1,3,0,8,9,2,1,2,2,2,10,1
305,2,5,4,5,3,3,1,0,9,8,4,1,2,3,2,10,0
305,2,5,4,5,4,1,3,0,8,9,4,1,3,1,4,7,0
305,2,5,4,5,5,3,1,0,9,8,4,0,0,0,0,0,0
306,2,5,4,7,1,2,4,0,8,9,1,1,2,2,8,16,1
306,2,5,4,7,2,4,2,0,9,8,2,2,2,3,9,6,1
306,2,5,4,7,3,2,4,0,8,9,4,2,2,3,5,6,0
306,2,5,4,7,4,4,2,0,9,8,4,2,2,3,7,6,0
306,2,5,4,7,5,2,4,0,8,9,4,1,2,1,0,2,0
307,2,5,4,9,1,6,2,1,9,8,1,1,2,5,4,15,1
307,2,5,4,9,2,2,6,1,8,9,2,1,2,2,4,10,1
307,2,5,4,9,3,6,2,1,9,8,4,1,2,1,8,1,0
307,2,5,4,9,4,2,6,1,8,9,4,2,2,3,9,13,0
307,2,5,4,9,5,6,2,1,9,8,4,2,2,1,8,1,0
307,2,5,4,9,6,2,6,1,8,9,4,2,2,3,8,6,0
307,2,5,4,9,7,6,2,1,9,8,4,2,2,3,7,6,0
307,2,5,4,9,8,2,6,1,8,9,4,1,2,1,0,2,0
308,2,5,4,10,1,7,2,1,9,8,1,1,2,5,5,15,1
308,2,5,4,10,2,2,7,1,8,9,2,1,2,2,5,10,1
308,2,5,4,10,3,7,2,1,9,8,4,1,2,1,5,1,0
308,2,5,4,10,4,2,7,1,8,9,4,2,2,3,7,6,0
308,2,5,4,10,5,7,2,1,9,8,4,1,2,1,9,2,0
308,2,5,4,10,6,2,7,1,8,9,4,2,3,1,6,2,0
308,2,5,4,10,7,7,2,1,9,8,4,2,2,3,2,13,0
308,2,5,4,10,8,2,7,1,8,9,4,1,3,1,0,1,0
309,2,5,4,11,1,2,8,1,8,9,1,1,2,4,2,15,1
309,2,5,4,11,2,8,2,1,9,8,2,2,2,3,5,10,1
309,2,5,4,11,3,2,8,1,8,9,4,1,3,1,7,5,0
309,2,5,4,11,4,8,2,1,9,8,4,1,2,3,0,13,0
310,2,5,4,12,1,3,8,0,8,9,1,1,2,2,2,15,1
310,2,5,4,12,2,8,3,0,9,8,2,1,2,3,5,11,1
310,2,5,4,12,3,3,8,0,8,9,4,2,3,1,4,5,0
310,2,5,4,12,4,8,3,0,9,8,4,1,2,3,8,2,0
310,2,5,4,12,5,3,8,0,8,9,4,1,3,1,5,2,0
310,2,5,4,12,6,8,3,0,9,8,4,1,2,1,5,2,0
310,2,5,4,12,7,3,8,0,8,9,4,1,3,1,0,2,0
311,2,5,4,13,1,9,3,0,9,8,1,1,2,5,5,15,1
311,2,5,4,13,2,3,9,0,8,9,2,1,2,2,5,10,1
311,2,5,4,13,3,9,3,0,9,8,4,2,1,1,5,1,0
311,2,5,4,13,4,3,9,0,8,9,4,2,2,1,5,2,0
311,2,5,4,13,5,9,3,0,9,8,4,2,2,3,5,13,0
311,2,5,4,13,6,3,9,0,8,9,4,1,3,1,9,1,0
311,2,5,4,13,7,9,3,0,9,8,4,2,3,3,9,13,0
311,2,5,4,13,8,3,9,0,8,9,4,2,3,3,8,6,0
311,2,5,4,13,9,9,3,0,9,8,4,1,2,3,0,13,0
312,2,5,4,14,1,9,4,1,9,8,1,1,2,5,5,15,1
312,2,5,4,14,2,4,9,1,8,9,2,1,2,2,7,10,1
312,2,5,4,14,3,9,4,1,9,8,4,1,3,1,5,1,0
312,2,5,4,14,4,4,9,1,8,9,4,1,2,1,0,2,0
313,2,5,4,15,1,4,10,0,8,9,1,1,2,2,2,15,1
313,2,5,4,15,2,10,4,0,9,8,2,2,2,1,8,4,1
313,2,5,4,15,3,4,10,0,8,9,4,2,2,3,5,13,0
313,2,5,4,15,4,10,4,0,9,8,4,1,2,1,8,1,0
313,2,5,4,15,5,4,10,0,8,9,4,1,2,1,0,1,0
314,2,5,5,1,1,0,0,0,8,9,1,1,2,5,5,16,2
314,2,5,5,1,2,0,0,0,9,8,2,1,2,1,2,1,1
314,2,5,5,1,3,0,0,0,8,9,4,2,2,3,0,6,0
315,2,5,5,2,1,0,1,0,8,9,1,1,2,5,1,17,1
315,2,5,5,2,2,1,0,0,9,8,2,1,2,2,2,10,1
315,2,5,5,2,3,0,1,0,8,9,4,0,0,0,0,0,0
316,2,5,5,3,1,2,0,1,9,8,1,1,2,5,1,15,1
316,2,5,5,3,2,0,2,1,8,9,2,1,3,1,7,7,1
316,2,5,5,3,3,2,0,1,9,8,4,1,3,1,5,2,0
316,2,5,5,3,4,0,2,1,8,9,4,0,0,0,0,0,0
317,2,5,5,4,1,3,0,0,9,8,1,1,2,5,1,15,1
317,2,5,5,4,2,0,3,0,8,9,2,1,2,2,8,10,1
317,2,5,5,4,3,3,0,0,9,8,4,2,3,1,0,1,0
318,2,5,5,5,1,1,3,0,8,9,1,1,2,2,5,16,1
318,2,5,5,5,2,3,1,0,9,8,2,1,2,2,6,10,1
318,2,5,5,5,3,1,3,0,8,9,4,2,2,1,9,1,0
318,2,5,5,5,4,3,1,0,9,8,4,2,2,3,6,13,0
318,2,5,5,5,5,1,3,0,8,9,4,2,2,1,9,2,0
318,2,5,5,5,6,3,1,0,9,8,4,2,2,3,5,6,0
318,2,5,5,5,7,1,3,0,8,9,4,2,3,1,9,2,0
318,2,5,5,5,8,3,1,0,9,8,4,2,2,3,5,13,0
318,2,5,5,5,9,1,3,0,8,9,4,2,2,3,5,6,0
318,2,5,5,5,10,3,1,0,9,8,4,2,3,1,8,2,0
318,2,5,5,5,11,1,3,0,8,9,4,1,2,1,0,2,0
319,2,5,5,6,1,1,4,0,8,9,1,1,2,2,5,16,1
319,2,5,5,6,2,4,1,0,9,8,2,1,2,2,5,10,1
319,2,5,5,6,3,1,4,0,8,9,4,2,2,1,7,1,0
319,2,5,5,6,4,4,1,0,9,8,4,1,2,1,6,2,0
319,2,5,5,6,5,1,4,0,8,9,4,2,2,3,0,13,0
320,2,5,5,7,1,5,1,1,9,8,1,1,1,5,2,15,1
320,2,5,5,7,2,1,5,1,8,9,2,2,2,2,5,10,1
320,2,5,5,7,3,5,1,1,9,8,4,2,2,1,5,1,0
320,2,5,5,7,4,1,5,1,8,9,4,2,2,3,7,6,0
320,2,5,5,7,5,5,1,1,9,8,4,1,2,1,4,2,0
320,2,5,5,7,6,1,5,1,8,9,4,0,0,0,0,0,0
321,2,5,5,8,1,6,1,0,9,8,1,1,2,5,1,15,1
321,2,5,5,8,2,1,6,0,8,9,2,1,2,2,8,10,1
321,2,5,5,8,3,6,1,0,9,8,4,1,2,1,5,1,0
321,2,5,5,8,4,1,6,0,8,9,4,2,2,3,5,13,0
321,2,5,5,8,5,6,1,0,9,8,4,2,2,3,0,6,0
322,2,5,5,9,1,2,6,0,8,9,1,1,2,5,5,16,1
322,2,5,5,9,2,6,2,0,9,8,2,1,2,1,2,7,1
322,2,5,5,9,3,2,6,0,8,9,4,2,2,1,9,2,0
322,2,5,5,9,4,6,2,0,9,8,4,2,2,3,5,6,0
322,2,5,5,9,5,2,6,0,8,9,4,2,2,1,0,2,0
323,2,5,5,10,1,2,7,1,8,9,1,1,2,5,5,15,1
323,2,5,5,10,2,7,2,1,9,8,2,1,2,2,7,10,1
323,2,5,5,10,3,2,7,1,8,9,4,1,2,1,9,1,0
323,2,5,5,10,4,7,2,1,9,8,4,2,2,3,5,13,0
323,2,5,5,10,5,2,7,1,8,9,4,1,1,1,6,1,0
323,2,5,5,10,6,7,2,1,9,8,4,2,3,1,7,6,0
323,2,5,5,10,7,2,7,1,8,9,4,1,3,1,9,2,0
323,2,5,5,10,8,7,2,1,9,8,4,2,1,1,5,2,0
323,2,5,5,10,9,2,7,1,8,9,4,2,3,1,7,2,0
323,2,5,5,10,10,7,2,1,9,8,4,1,2,3,7,13,0
323,2,5,5,10,11,2,7,1,8,9,4,1,3,1,8,1,0
323,2,5,5,10,12,7,2,1,9,8,4,0,0,0,0,0,0
324,2,5,5,11,1,7,3,0,9,8,1,1,2,5,4,15,1
324,2,5,5,11,2,3,7,0,8,9,2,1,2,2,8,10,1
324,2,5,5,11,3,7,3,0,9,8,4,1,2,1,8,1,0
324,2,5,5,11,4,3,7,0,8,9,4,2,2,3,5,13,0
324,2,5,5,11,5,7,3,0,9,8,4,1,2,1,0,1,0
325,2,5,5,12,1,7,4,1,9,8,1,1,2,2,2,16,1
325,2,5,5,12,2,4,7,1,8,9,2,2,2,1,9,1,1
325,2,5,5,12,3,7,4,1,9,8,4,2,2,3,8,13,0
325,2,5,5,12,4,4,7,1,8,9,4,1,2,1,0,5,0
326,2,5,5,13,1,4,8,0,8,9,1,1,2,5,5,15,1
326,2,5,5,13,2,8,4,0,9,8,2,1,2,3,2,11,1
326,2,5,5,13,3,4,8,0,8,9,4,1,2,3,5,10,0
326,2,5,5,13,4,8,4,0,9,8,4,1,3,1,5,5,0
326,2,5,5,13,5,4,8,0,8,9,4,1,2,3,0,13,0
327,2,5,5,14,1,4,9,0,8,9,1,1,2,2,6,15,1
327,2,5,5,14,2,9,4,0,9,8,2,2,2,2,5,10,1
327,2,5,5,14,3,4,9,0,8,9,4,2,2,1,8,1,0
327,2,5,5,14,4,9,4,0,9,8,4,1,2,1,8,2,0
327,2,5,5,14,5,4,9,0,8,9,4,2,2,3,9,6,0
327,2,5,5,14,6,9,4,0,9,8,4,2,3,1,4,6,0
327,2,5,5,14,7,4,9,0,8,9,4,1,2,1,0,2,0
328,2,5,5,15,1,10,4,0,9,8,1,1,1,5,1,15,1
328,2,5,5,15,2,4,10,0,8,9,2,1,2,2,5,10,1
328,2,5,5,15,3,10,4,0,9,8,4,2,2,2,0,10,0
329,2,5,5,16,1,10,5,1,9,8,1,1,1,5,2,15,1
329,2,5,5,16,2,5,10,1,8,9,2,2,2,1,5,7,1
329,2,5,5,16,3,10,5,1,9,8,4,2,2,1,5,2,0
329,2,5,5,16,4,5,10,1,8,9,4,1,2,1,8,2,0
329,2,5,5,16,5,10,5,1,9,8,4,2,2,3,5,6,0
329,2,5,5,16,6,5,10,1,8,9,4,2,2,1,7,2,0
329,2,5,5,16,7,10,5,1,9,8,4,1,2,1,8,2,0
329,2,5,5,16,8,5,10,1,8,9,4,2,2,3,0,6,0
330,2,6,1,1,1,0,0,1,8,10,1,1,2,5,5,15,1
330,2,6,1,1,2,0,0,1,10,8,2,1,1,2,4,10,1
330,2,6,1,1,3,0,0,1,8,10,4,1,3,1,7,1,0
330,2,6,1,1,4,0,0,1,10,8,4,1,2,1,0,13,0
331,2,6,1,2,1,1,0,1,8,10,1,1,2,5,6,15,1
331,2,6,1,2,2,0,1,1,10,8,2,2,2,5,9,10,1
331,2,6,1,2,3,1,0,1,8,10,4,2,3,1,9,1,0
331,2,6,1,2,4,0,1,1,10,8,4,2,2,1,9,13,0
331,2,6,1,2,5,1,0,1,8,10,4,2,3,1,7,2,0
331,2,6,1,2,6,0,1,1,10,8,4,1,0,0,0,0,0
332,2,6,1,3,1,0,2,1,10,8,1,2,2,4,6,15,1
332,2,6,1,3,2,2,0,1,8,10,2,2,2,1,9,4,1
332,2,6,1,3,3,0,2,1,10,8,4,1,2,1,9,2,0
332,2,6,1,3,4,2,0,1,8,10,4,2,2,1,0,2,0
333,2,6,1,4,1,1,2,0,10,8,1,1,2,1,6,15,1
333,2,6,1,4,2,2,1,0,8,10,2,2,2,1,9,4,1
333,2,6,1,4,3,1,2,0,10,8,4,2,2,1,0,6,0
334,2,6,1,5,1,3,1,1,8,10,1,1,2,5,4,15,1
334,2,6,1,5,2,1,3,1,10,8,2,1,2,2,5,10,2
334,2,6,1,5,3,3,1,1,8,10,4,2,2,1,9,1,0
334,2,6,1,5,4,1,3,1,10,8,4,2,3,1,0,6,0
336,2,6,1,7,1,2,4,1,10,8,1,1,2,4,5,15,1
336,2,6,1,7,2,4,2,1,8,10,2,2,2,1,0,1,1
337,2,6,1,8,1,3,4,0,10,8,1,2,2,4,6,15,1
337,2,6,1,8,2,4,3,0,8,10,2,2,3,1,9,3,1
337,2,6,1,8,3,3,4,0,10,8,4,1,2,1,0,2,0
338,2,6,1,9,1,5,3,1,8,10,1,1,3,5,9,15,1
338,2,6,1,9,2,3,5,1,10,8,2,2,2,5,7,10,1
338,2,6,1,9,3,5,3,1,8,10,4,1,3,1,9,1,0
338,2,6,1,9,4,3,5,1,10,8,4,2,2,1,0,6,0
339,2,6,1,10,1,6,3,1,8,10,1,1,3,5,4,15,1
339,2,6,1,10,2,3,6,1,10,8,2,1,2,2,4,10,1
339,2,6,1,10,3,6,3,1,8,10,4,1,3,2,7,10,0
339,2,6,1,10,4,3,6,1,10,8,4,1,2,1,0,1,0
340,2,6,1,11,1,3,7,1,10,8,1,1,2,4,5,15,1
340,2,6,1,11,2,7,3,1,8,10,2,2,2,2,0,10,1
341,2,6,1,12,1,4,7,0,10,8,1,1,2,4,5,15,1
341,2,6,1,12,2,7,4,0,8,10,2,2,2,1,9,4,1
341,2,6,1,12,3,4,7,0,10,8,4,2,2,1,0,6,0
343,2,6,1,14,1,8,5,1,8,10,1,1,2,2,9,15,1
343,2,6,1,14,2,5,8,1,10,8,2,2,2,2,9,10,1
343,2,6,1,14,3,8,5,1,8,10,4,1,3,1,9,1,0
343,2,6,1,14,4,5,8,1,10,8,4,2,2,1,0,13,0
344,2,6,1,16,1,5,10,0,10,8,1,1,2,4,8,15,1
344,2,6,1,16,2,10,5,0,8,10,2,1,3,1,7,1,1
344,2,6,1,16,3,5,10,0,10,8,4,1,2,1,9,1,0
344,2,6,1,16,4,10,5,0,8,10,4,2,3,1,9,5,0
344,2,6,1,16,5,5,10,0,10,8,4,2,2,1,0,13,0
345,2,6,2,1,1,0,0,0,10,8,1,1,2,4,5,15,1
345,2,6,2,1,2,0,0,0,8,10,2,2,3,1,9,4,1
345,2,6,2,1,3,0,0,0,10,8,4,2,2,1,7,6,0
345,2,6,2,1,4,0,0,0,8,10,4,1,3,1,7,2,0
345,2,6,2,1,5,0,0,0,10,8,4,1,2,0,0,5,0
346,2,6,2,2,1,0,1,0,10,8,1,1,2,5,5,15,1
346,2,6,2,2,2,1,0,0,8,10,2,2,2,2,9,10,1
346,2,6,2,2,3,0,1,0,10,8,4,1,2,1,8,1,0
346,2,6,2,2,4,1,0,0,8,10,4,1,2,1,8,2,0
346,2,6,2,2,5,0,1,0,10,8,4,1,2,1,0,2,0
347,2,6,2,3,1,2,0,1,8,10,1,1,2,2,4,15,1
347,2,6,2,3,2,0,2,1,10,8,2,1,2,2,0,10,1
348,2,6,2,4,1,3,0,1,8,10,1,1,2,2,4,15,1
348,2,6,2,4,2,0,3,1,10,8,2,1,2,2,0,10,1
349,2,6,2,5,1,0,4,1,10,8,1,1,2,4,9,15,1
349,2,6,2,5,2,4,0,1,8,10,2,2,2,1,0,4,1
350,2,6,2,6,1,1,4,0,10,8,1,1,2,4,3,15,1
350,2,6,2,6,2,4,1,0,8,10,2,2,2,1,9,1,1
350,2,6,2,6,3,1,4,0,10,8,4,2,2,1,8,6,0
350,2,6,2,6,4,4,1,0,8,10,4,1,2,1,7,2,0
350,2,6,2,6,5,1,4,0,10,8,4,1,2,1,7,2,0
350,2,6,2,6,6,4,1,0,8,10,4,1,2,1,7,1,0
350,2,6,2,6,7,1,4,0,10,8,4,1,2,1,9,2,0
350,2,6,2,6,8,4,1,0,8,10,4,2,3,1,8,2,0
350,2,6,2,6,9,1,4,0,10,8,4,1,2,1,0,1,0
351,2,6,2,7,1,5,1,1,8,10,1,1,2,5,5,15,1
351,2,6,2,7,2,1,5,1,10,8,2,2,2,5,9,10,1
351,2,6,2,7,3,5,1,1,8,10,4,1,3,1,8,1,0
351,2,6,2,7,4,1,5,1,10,8,4,2,2,1,0,6,0
352,2,6,2,8,1,6,1,1,8,10,1,1,2,5,9,15,1
352,2,6,2,8,2,1,6,1,10,8,2,2,2,5,8,6,1
352,2,6,2,8,3,6,1,1,8,10,4,1,2,1,4,1,0
352,2,6,2,8,4,1,6,1,10,8,4,1,2,1,0,1,0
354,2,6,2,10,1,1,8,0,10,8,1,1,2,4,9,15,1
354,2,6,2,10,2,8,1,0,8,10,2,1,2,1,9,1,1
354,2,6,2,10,3,1,8,0,10,8,4,2,2,1,0,6,0
355,2,6,2,12,1,10,1,1,8,10,1,1,3,1,6,15,1
355,2,6,2,12,2,1,10,1,10,8,2,2,2,2,9,10,1
355,2,6,2,12,3,10,1,1,8,10,4,1,3,1,9,1,0
355,2,6,2,12,4,1,10,1,10,8,4,2,2,1,0,6,0
356,2,6,3,1,1,0,0,1,8,10,1,1,2,2,8,15,1
356,2,6,3,1,2,0,0,1,10,8,2,1,2,0,0,1,1
357,2,6,3,2,1,1,0,1,8,10,1,1,2,2,5,15,1
357,2,6,3,2,2,0,1,1,10,8,2,1,2,2,9,10,1
357,2,6,3,2,3,1,0,1,8,10,4,2,2,1,9,1,0
357,2,6,3,2,4,0,1,1,10,8,4,2,2,1,0,6,0
358,2,6,3,3,1,0,2,0,10,8,1,1,2,5,4,15,1
358,2,6,3,3,2,2,0,0,8,10,2,1,2,2,7,10,1
358,2,6,3,3,3,0,2,0,10,8,4,1,2,1,0,1,0
359,2,6,3,4,1,0,3,0,10,8,1,1,2,4,6,15,1
359,2,6,3,4,2,3,0,0,8,10,2,2,2,1,9,1,1
359,2,6,3,4,3,0,3,0,10,8,4,2,2,1,0,6,0
360,2,6,3,5,1,4,0,1,8,10,1,1,3,1,9,15,1
360,2,6,3,5,2,0,4,1,10,8,2,2,2,2,9,10,1
360,2,6,3,5,3,4,0,1,8,10,4,2,2,1,9,1,0
360,2,6,3,5,4,0,4,1,10,8,4,2,2,1,0,6,0
361,2,6,3,6,1,5,0,1,8,10,1,1,2,2,4,15,1
361,2,6,3,6,2,0,5,1,10,8,2,1,2,2,0,10,1
361,2,6,3,6,3,5,0,1,8,10,4,2,2,2,9,10,0
361,2,6,3,6,4,0,5,1,10,8,4,1,2,1,9,1,0
361,2,6,3,6,5,5,0,1,8,10,4,2,3,1,7,5,0
361,2,6,3,6,6,0,5,1,10,8,4,1,0,0,0,0,0
362,2,6,3,7,1,0,6,0,10,8,1,1,2,4,9,15,1
362,2,6,3,7,2,6,0,0,8,10,2,2,2,1,9,1,1
362,2,6,3,7,3,0,6,0,10,8,4,2,2,1,9,6,0
362,2,6,3,7,4,6,0,0,8,10,4,2,3,1,9,5,0
362,2,6,3,7,5,0,6,0,10,8,4,2,2,1,6,5,0
362,2,6,3,7,6,6,0,0,8,10,4,2,2,1,6,5,0
362,2,6,3,7,7,0,6,0,10,8,4,2,2,1,8,6,0
362,2,6,3,7,8,6,0,0,8,10,4,1,3,1,9,2,0
362,2,6,3,7,9,0,6,0,10,8,4,2,0,0,0,0,0
363,2,6,3,9,1,8,0,0,8,10,1,1,2,5,5,15,1
363,2,6,3,9,2,0,8,0,10,8,2,2,2,2,9,10,1
363,2,6,3,9,3,8,0,0,8,10,4,1,3,1,7,1,0
363,2,6,3,9,4,0,8,0,10,8,4,1,1,1,9,5,0
363,2,6,3,9,5,8,0,0,8,10,4,1,2,1,9,2,0
363,2,6,3,9,6,0,8,0,10,8,4,2,2,1,7,6,0
363,2,6,3,9,7,8,0,0,8,10,4,1,2,1,7,1,0
363,2,6,3,9,8,0,8,0,10,8,4,1,2,1,7,5,0
363,2,6,3,9,9,8,0,0,8,10,4,1,0,0,0,0,0
364,2,6,3,10,1,8,1,0,8,10,1,1,2,4,9,15,1
364,2,6,3,10,2,1,8,0,10,8,2,2,2,5,9,6,1
364,2,6,3,10,3,8,1,0,8,10,4,2,2,2,0,1,0
365,2,6,3,11,1,2,8,1,10,8,1,1,2,4,6,15,1
365,2,6,3,11,2,8,2,1,8,10,2,2,2,1,9,1,1
365,2,6,3,11,3,2,8,1,10,8,4,2,3,1,7,6,0
365,2,6,3,11,4,8,2,1,8,10,4,1,2,1,7,5,0
365,2,6,3,11,5,2,8,1,10,8,4,1,2,1,9,5,0
365,2,6,3,11,6,8,2,1,8,10,4,2,2,1,8,2,0
365,2,6,3,11,7,2,8,1,10,8,4,2,2,1,6,6,0
365,2,6,3,11,8,8,2,1,8,10,4,2,2,1,9,5,0
365,2,6,3,11,9,2,8,1,10,8,4,2,2,1,8,6,0
365,2,6,3,11,10,8,2,1,8,10,4,1,2,1,0,1,0
366,2,6,3,12,1,3,8,1,10,8,1,1,2,5,2,15,1
366,2,6,3,12,2,8,3,1,8,10,2,1,2,2,4,10,1
366,2,6,3,12,3,3,8,1,10,8,4,1,2,1,0,7,0
366,2,6,3,12,4,8,3,1,8,10,4,1,2,1,0,13,0
367,2,6,3,13,1,8,4,1,8,10,1,1,2,1,4,15,1
367,2,6,3,13,2,4,8,1,10,8,2,1,2,2,9,10,1
367,2,6,3,13,3,8,4,1,8,10,4,1,2,1,9,1,0
367,2,6,3,13,4,4,8,1,10,8,4,2,2,1,8,13,0
367,2,6,3,13,5,8,4,1,8,10,4,2,2,1,7,5,0
367,2,6,3,13,6,4,8,1,10,8,4,1,2,1,0,13,0
368,2,6,3,14,1,9,4,1,8,10,1,1,2,2,4,15,1
368,2,6,3,14,2,4,9,1,10,8,2,1,2,1,4,7,1
368,2,6,3,14,3,9,4,1,8,10,4,1,3,1,7,2,0
368,2,6,3,14,4,4,9,1,10,8,4,1,2,0,0,13,0
369,2,6,3,15,1,4,10,0,10,8,1,1,2,4,6,15,1
369,2,6,3,15,2,10,4,0,8,10,2,2,2,1,9,1,1
369,2,6,3,15,3,4,10,0,10,8,4,2,2,1,9,13,0
369,2,6,3,15,4,10,4,0,8,10,4,2,2,1,7,13,0
369,2,6,3,15,5,4,10,0,10,8,4,1,2,1,0,13,0
370,1,7,1,1,1,0,0,1,11,12,1,1,2,3,2,15,3
370,1,7,1,1,2,0,0,1,12,11,2,1,1,3,1,11,2
370,1,7,1,1,3,0,0,1,11,12,4,1,3,1,9,7,0
370,1,7,1,1,4,0,0,1,12,11,4,2,2,3,0,13,0
371,1,7,1,2,1,1,0,0,11,12,1,1,2,4,2,15,3
371,1,7,1,2,2,0,1,0,12,11,2,1,2,1,8,7,2
371,1,7,1,2,3,1,0,0,11,12,4,1,3,1,0,1,0
372,1,7,1,3,1,1,1,1,12,11,1,1,2,4,2,15,1
372,1,7,1,3,2,1,1,1,11,12,2,2,2,4,8,4,3
372,1,7,1,3,3,1,1,1,12,11,4,1,2,1,8,2,0
372,1,7,1,3,4,1,1,1,11,12,4,2,0,0,0,6,0
373,1,7,1,4,1,2,1,1,12,11,1,1,3,1,9,15,1
373,1,7,1,4,2,1,2,1,11,12,2,2,2,1,0,1,3
374,1,7,1,5,1,1,3,1,11,12,1,1,2,5,2,15,3
374,1,7,1,5,2,3,1,1,12,11,2,1,1,2,2,11,2
374,1,7,1,5,3,1,3,1,11,12,4,1,1,3,2,11,0
374,1,7,1,5,4,3,1,1,12,11,4,1,2,1,0,7,0
375,1,7,1,6,1,2,3,1,11,12,1,1,3,5,9,15,3
375,1,7,1,6,2,3,2,1,12,11,2,2,2,1,0,1,2
376,1,7,1,7,1,3,3,1,12,11,1,1,2,1,9,15,1
376,1,7,1,7,2,3,3,1,11,12,2,2,2,1,8,1,3
376,1,7,1,7,3,3,3,1,12,11,4,1,2,1,9,2,0
376,1,7,1,7,4,3,3,1,11,12,4,2,2,3,0,13,0
377,1,7,1,8,1,4,3,1,12,11,1,1,3,4,9,15,1
377,1,7,1,8,2,3,4,1,11,12,2,2,1,3,0,10,3
378,1,7,1,9,1,3,5,0,11,12,1,1,2,4,2,15,3
378,1,7,1,9,2,5,3,0,12,11,2,2,3,4,9,4,2
378,1,7,1,9,3,3,5,0,11,12,4,2,2,1,0,6,0
379,1,7,1,10,1,3,6,0,11,12,1,1,2,5,2,15,3
379,1,7,1,10,2,6,3,0,12,11,2,1,1,2,6,11,2
379,1,7,1,10,3,3,6,0,11,12,4,2,3,1,0,1,0
380,1,7,1,11,1,7,3,1,12,11,1,1,2,4,2,15,1
380,1,7,1,11,2,3,7,1,11,12,2,1,2,1,0,7,3
381,1,7,1,12,1,8,3,1,12,11,1,1,2,4,2,15,1
381,1,7,1,12,2,3,8,1,11,12,2,2,2,4,8,4,3
381,1,7,1,12,3,8,3,1,12,11,4,2,2,1,8,6,0
381,1,7,1,12,4,3,8,1,11,12,4,2,2,1,8,6,0
381,1,7,1,12,5,8,3,1,12,11,4,2,3,1,7,6,0
381,1,7,1,12,6,3,8,1,11,12,4,1,0,0,0,5,0
382,1,7,1,13,1,3,9,0,11,12,1,1,2,2,2,15,3
382,1,7,1,13,2,9,3,0,12,11,2,2,2,4,8,4,2
382,1,7,1,13,3,3,9,0,11,12,4,2,2,1,0,6,0
383,1,7,1,14,1,3,10,0,11,12,1,1,2,5,2,15,3
383,1,7,1,14,2,10,3,0,12,11,2,1,1,2,2,11,2
383,1,7,1,14,3,3,10,0,11,12,4,2,1,2,5,11,0
383,1,7,1,14,4,10,3,0,12,11,4,1,2,1,9,1,0
383,1,7,1,14,5,3,10,0,11,12,4,2,2,3,9,13,0
383,1,7,1,14,6,10,3,0,12,11,4,2,1,3,8,13,0
383,1,7,1,14,7,3,10,0,11,12,4,1,3,1,0,1,0
384,1,7,2,1,1,0,0,0,12,11,1,1,3,1,9,15,1
384,1,7,2,1,2,0,0,0,11,12,2,2,2,1,8,1,3
384,1,7,2,1,3,0,0,0,12,11,4,1,3,1,0,2,0
385,1,7,2,2,1,0,1,1,12,11,1,1,2,4,2,15,1
385,1,7,2,2,2,1,0,1,11,12,2,2,2,4,9,4,3
385,1,7,2,2,3,0,1,1,12,11,4,2,2,1,8,6,0
385,1,7,2,2,4,1,0,1,11,12,4,2,2,1,8,6,0
385,1,7,2,2,5,0,1,1,12,11,4,1,2,1,7,2,0
385,1,7,2,2,6,1,0,1,11,12,4,1,2,1,9,5,0
385,1,7,2,2,7,0,1,1,12,11,4,2,3,1,7,2,0
385,1,7,2,2,8,1,0,1,11,12,4,1,2,4,0,5,0
386,1,7,2,3,1,1,1,1,11,12,1,1,2,2,2,15,3
386,1,7,2,3,2,1,1,1,12,11,2,1,2,2,9,10,2
386,1,7,2,3,3,1,1,1,11,12,4,2,2,1,7,1,0
386,1,7,2,3,4,1,1,1,12,11,4,1,2,1,0,2,0
387,1,7,2,4,1,2,1,0,11,12,1,1,2,5,2,15,3
387,1,7,2,4,2,1,2,0,12,11,2,2,2,4,8,4,2
387,1,7,2,4,3,2,1,0,11,12,4,2,1,3,0,13,0
388,1,7,2,5,1,2,2,1,12,11,1,1,2,4,1,15,1
388,1,7,2,5,2,2,2,1,11,12,2,1,2,1,9,7,3
388,1,7,2,5,3,2,2,1,12,11,4,2,2,1,7,1,0
388,1,7,2,5,4,2,2,1,11,12,4,1,2,1,8,5,0
388,1,7,2,5,5,2,2,1,12,11,4,1,2,1,9,2,0
388,1,7,2,5,6,2,2,1,11,12,4,2,2,3,8,13,0
388,1,7,2,5,7,2,2,1,12,11,4,1,2,1,8,1,0
388,1,7,2,5,8,2,2,1,11,12,4,2,2,3,8,13,0
388,1,7,2,5,9,2,2,1,12,11,4,1,3,1,7,1,0
388,1,7,2,5,10,2,2,1,11,12,4,1,3,1,9,2,0
388,1,7,2,5,11,2,2,1,12,11,4,1,3,1,8,2,0
388,1,7,2,5,12,2,2,1,11,12,4,1,3,1,8,2,0
388,1,7,2,5,13,2,2,1,12,11,4,1,3,1,8,2,0
388,1,7,2,5,14,2,2,1,11,12,4,1,3,1,9,2,0
388,1,7,2,5,15,2,2,1,12,11,4,2,2,1,8,6,0
388,1,7,2,5,16,2,2,1,11,12,4,1,2,1,0,2,0
389,1,7,2,6,1,3,2,1,12,11,1,1,2,5,2,15,1
389,1,7,2,6,2,2,3,1,11,12,2,1,1,2,0,11,3
390,1,7,2,7,1,2,4,0,11,12,1,1,2,5,5,17,3
390,1,7,2,7,2,4,2,0,12,11,2,2,2,4,8,4,2
390,1,7,2,7,3,2,4,0,11,12,4,2,2,1,9,6,0
390,1,7,2,7,4,4,2,0,12,11,4,2,2,1,8,2,0
390,1,7,2,7,5,2,4,0,11,12,4,1,2,1,0,2,0
391,1,7,2,8,1,2,5,1,11,12,1,1,2,5,3,17,3
391,1,7,2,8,2,5,2,1,12,11,2,2,2,4,9,4,2
391,1,7,2,8,3,2,5,1,11,12,4,2,3,1,8,6,0
391,1,7,2,8,4,5,2,1,12,11,4,1,2,1,8,5,0
391,1,7,2,8,5,2,5,1,11,12,4,1,3,1,9,2,0
391,1,7,2,8,6,5,2,1,12,11,4,2,2,1,0,6,0
392,1,7,2,9,1,5,3,0,12,11,1,1,2,4,2,15,1
392,1,7,2,9,2,3,5,0,11,12,2,1,2,1,8,7,3
392,1,7,2,9,3,5,3,0,12,11,4,1,2,1,9,1,0
392,1,7,2,9,4,3,5,0,11,12,4,2,2,1,7,6,0
392,1,7,2,9,5,5,3,0,12,11,4,1,3,1,9,2,0
392,1,7,2,9,6,3,5,0,11,12,4,1,3,1,8,2,0
392,1,7,2,9,7,5,3,0,12,11,4,1,2,1,0,2,0
393,1,7,2,10,1,5,4,1,12,11,1,1,2,4,5,15,1
393,1,7,2,10,2,4,5,1,11,12,2,2,1,4,0,4,3
394,1,7,2,11,1,4,6,1,11,12,1,1,2,5,2,15,3
394,1,7,2,11,2,6,4,1,12,11,2,1,1,2,0,10,2
395,1,7,2,12,1,5,6,1,11,12,1,1,2,5,9,15,3
395,1,7,2,12,2,6,5,1,12,11,2,2,2,1,7,1,2
395,1,7,2,12,3,5,6,1,11,12,4,1,3,1,9,2,0
395,1,7,2,12,4,6,5,1,12,11,4,2,2,3,0,13,0
396,1,7,2,13,1,6,6,0,12,11,1,1,2,4,1,15,1
396,1,7,2,13,2,6,6,0,11,12,2,1,2,2,9,10,3
396,1,7,2,13,3,6,6,0,12,11,4,2,0,0,0,1,0
397,1,7,2,14,1,6,7,1,12,11,1,1,2,4,2,15,1
397,1,7,2,14,2,7,6,1,11,12,2,1,2,1,7,7,3
397,1,7,2,14,3,6,7,1,12,11,4,1,2,1,8,1,0
397,1,7,2,14,4,7,6,1,11,12,4,2,2,1,0,6,0
398,1,7,2,15,1,7,7,0,11,12,1,1,2,4,5,15,3
398,1,7,2,15,2,7,7,0,12,11,2,1,2,1,9,1,2
398,1,7,2,15,3,7,7,0,11,12,4,2,3,1,0,6,0
399,1,7,2,16,1,7,8,1,11,12,1,1,2,5,5,17,3
399,1,7,2,16,2,8,7,1,12,11,2,1,2,1,0,1,2
400,1,7,2,17,1,8,8,1,12,11,1,1,2,5,2,15,1
400,1,7,2,17,2,8,8,1,11,12,2,1,1,2,0,11,3
401,1,7,2,18,1,9,8,0,12,11,1,1,2,5,2,15,1
401,1,7,2,18,2,8,9,0,11,12,2,1,1,2,5,11,3
401,1,7,2,18,3,9,8,0,12,11,4,1,1,2,6,10,0
401,1,7,2,18,4,8,9,0,11,12,4,2,2,1,7,1,0
401,1,7,2,18,5,9,8,0,12,11,4,1,3,1,8,2,0
401,1,7,2,18,6,8,9,0,11,12,4,2,2,3,8,13,0
401,1,7,2,18,7,9,8,0,12,11,4,2,3,1,7,1,0
401,1,7,2,18,8,8,9,0,11,12,4,1,3,1,8,2,0
401,1,7,2,18,9,9,8,0,12,11,4,1,2,1,8,2,0
401,1,7,2,18,10,8,9,0,11,12,4,1,3,1,8,2,0
401,1,7,2,18,11,9,8,0,12,11,4,1,2,1,0,2,0
402,1,7,2,19,1,9,9,1,11,12,1,1,2,2,2,15,3
402,1,7,2,19,2,9,9,1,12,11,2,1,1,2,5,11,2
402,1,7,2,19,3,9,9,1,11,12,4,2,3,1,7,1,0
402,1,7,2,19,4,9,9,1,12,11,4,1,1,3,0,13,0
403,1,7,2,20,1,10,9,0,11,12,1,1,2,2,2,15,3
403,1,7,2,20,2,9,10,0,12,11,2,2,2,4,9,4,2
403,1,7,2,20,3,10,9,0,11,12,4,2,2,1,0,6,0
404,1,7,2,21,1,10,10,1,12,11,1,1,2,4,2,15,1
404,1,7,2,21,2,10,10,1,11,12,2,1,2,1,7,7,3
404,1,7,2,21,3,10,10,1,12,11,4,1,3,1,9,1,0
404,1,7,2,21,4,10,10,1,11,12,4,2,2,3,9,13,0
404,1,7,2,21,5,10,10,1,12,11,4,2,3,1,7,1,0
404,1,7,2,21,6,10,10,1,11,12,4,1,0,0,0,0,0
405,1,7,2,22,1,10,11,1,11,12,1,1,2,3,3,15,3
405,1,7,2,22,2,11,10,1,12,11,2,2,2,4,9,4,2
405,1,7,2,22,3,10,11,1,11,12,4,2,2,1,9,6,0
405,1,7,2,22,4,11,10,1,12,11,4,2,2,1,0,6,0
406,1,7,2,23,1,11,11,1,12,11,1,1,2,5,2,15,1
406,1,7,2,23,2,11,11,1,11,12,2,1,0,0,0,1,3
407,1,7,2,24,1,11,12,0,11,12,1,1,2,2,2,15,3
407,1,7,2,24,2,12,11,0,12,11,2,1,2,2,9,10,2
407,1,7,2,24,3,11,12,0,11,12,4,2,1,1,0,1,0
408,1,7,3,1,1,0,0,1,11,12,1,1,2,4,2,17,3
408,1,7,3,1,2,0,0,1,12,11,2,2,2,4,8,4,2
408,1,7,3,1,3,0,0,1,11,12,4,2,3,1,7,6,0
408,1,7,3,1,4,0,0,1,12,11,4,1,1,3,0,13,0
409,1,7,3,2,1,1,0,1,11,12,1,1,2,5,2,17,3
409,1,7,3,2,2,0,1,1,12,11,2,1,2,1,8,7,2
409,1,7,3,2,3,1,0,1,11,12,4,2,3,1,8,1,0
409,1,7,3,2,4,0,1,1,12,11,4,1,1,1,0,5,0
410,1,7,3,3,1,0,2,1,12,11,1,1,2,3,5,15,1
410,1,7,3,3,2,2,0,1,11,12,2,1,2,1,9,1,3
410,1,7,3,3,3,0,2,1,12,11,4,2,2,1,7,6,0
410,1,7,3,3,4,2,0,1,11,12,4,1,2,1,9,5,0
410,1,7,3,3,5,0,2,1,12,11,4,2,3,1,8,6,0
410,1,7,3,3,6,2,0,1,11,12,4,1,0,0,0,0,0
411,1,7,3,4,1,1,2,0,12,11,1,1,2,3,1,15,1
411,1,7,3,4,2,2,1,0,11,12,2,1,2,1,7,7,3
411,1,7,3,4,3,1,2,0,12,11,4,1,1,1,0,1,0
412,1,7,3,5,1,3,1,0,11,12,1,1,2,5,2,17,3
412,1,7,3,5,2,1,3,0,12,11,2,1,1,2,2,11,2
412,1,7,3,5,3,3,1,0,11,12,4,2,1,2,5,11,0
412,1,7,3,5,4,1,3,0,12,11,4,1,2,1,9,1,0
412,1,7,3,5,5,3,1,0,11,12,4,2,2,1,7,2,0
412,1,7,3,5,6,1,3,0,12,11,4,1,2,1,8,5,0
412,1,7,3,5,7,3,1,0,11,12,4,1,2,1,0,2,0
413,1,7,3,6,1,3,2,1,11,12,1,1,2,4,5,15,3
413,1,7,3,6,2,2,3,1,12,11,2,1,2,1,0,1,2
414,1,7,3,7,1,2,4,1,12,11,1,1,2,2,2,15,1
414,1,7,3,7,2,4,2,1,11,12,2,1,1,2,5,11,3
414,1,7,3,7,3,2,4,1,12,11,4,1,2,1,8,1,0
414,1,7,3,7,4,4,2,1,11,12,4,1,2,1,0,2,0
415,1,7,3,8,1,3,4,0,12,11,1,1,3,1,9,15,1
415,1,7,3,8,2,4,3,0,11,12,2,2,2,1,9,1,3
415,1,7,3,8,3,3,4,0,12,11,4,1,2,1,7,2,0
415,1,7,3,8,4,4,3,0,11,12,4,1,3,1,9,2,0
415,1,7,3,8,5,3,4,0,12,11,4,2,2,3,0,13,0
416,1,7,3,9,1,5,3,1,11,12,1,1,2,5,1,15,3
416,1,7,3,9,2,3,5,1,12,11,2,1,1,2,1,11,2
416,1,7,3,9,3,5,3,1,11,12,4,1,2,1,8,7,0
416,1,7,3,9,4,3,5,1,12,11,4,2,1,1,0,1,0
417,1,7,3,10,1,6,3,1,11,12,1,1,2,2,2,15,3
417,1,7,3,10,2,3,6,1,12,11,2,2,2,4,8,4,2
417,1,7,3,10,3,6,3,1,11,12,4,1,3,1,9,2,0
417,1,7,3,10,4,3,6,1,12,11,4,2,2,3,8,13,0
417,1,7,3,10,5,6,3,1,11,12,4,1,2,1,9,1,0
417,1,7,3,10,6,3,6,1,12,11,4,2,2,1,0,2,0
